<?xml version="1.0" encoding="utf-8" standalone="no" ?>
<wheel>
    <default>
        <physics radius="0.825" width="0.65" mass="0.244" tireType="mud" frictionScale="1.60" maxLongStiffness="10" maxLatStiffness="120" maxLatStiffnessLoad="2" />
        <tire filename="$data/shared/wheels/trelleborg/TM900/R34_TM900.i3d" nodeLeft="1|0" nodeRight="1|0" maxDeformation="0.079" isCareWheel="false" tireTrackAtlasIndex="0" />
        <outerRim filename="$data/shared/wheels/rims/rim001.i3d" node="1|0" widthAndDiam="20 34" />
        <innerRim filename="$data/shared/wheels/rims/rim001.i3d" nodeLeft="3|0" nodeRight="3|1" widthAndDiam="20 34" />
    </default>
    <configurations>
        <configuration id="jd" >
            <innerRim filename="$data/shared/wheels/rims/rim006.i3d" nodeLeft="1|0" nodeRight="1|1" />
        </configuration>
    </configurations>
</wheel>
