<?xml version="1.0" encoding="utf-8" standalone="no"?>
<vehicle type="tractor">
    <annotation>Copyright (C) GIANTS Software GmbH, All Rights Reserved.</annotation>

    <storeData>
        <name>MF 7700S</name>
        <specs>
            <power>210</power>
            <maxSpeed>50</maxSpeed>
        </specs>
        <functions>
            <function>$l10n_function_tractor</function>
            <function>$l10n_function_tractorFrontloader</function>
        </functions>
        <image>store_MF7700S.png</image>
        <price>176000</price>
        <lifetime>600</lifetime>
        <rotation>0</rotation>
        <brand>MASSEYFERGUSON</brand>
        <category>tractorsM</category>
        <shopTranslationOffset>0 -0.03 0</shopTranslationOffset>
        <shopRotationOffset>0 0 0</shopRotationOffset>
        <vertexBufferMemoryUsage>4401724</vertexBufferMemoryUsage>
        <indexBufferMemoryUsage>687036</indexBufferMemoryUsage>
        <textureMemoryUsage>45855024</textureMemoryUsage>
        <instanceVertexBufferMemoryUsage>0</instanceVertexBufferMemoryUsage>
        <instanceIndexBufferMemoryUsage>0</instanceIndexBufferMemoryUsage>
    </storeData>

    <base>
        <typeDesc>$l10n_typeDesc_tractor</typeDesc>
        <filename>MF7700S.i3d</filename>
        <size width="3" length="6"/>
        <components>
            <component centerOfMass="0 1 -0.5" solverIterationCount="10" mass="3950"/>
            <component centerOfMass="0 0 0" solverIterationCount="20" mass="2250"/>
            <joint component1="1" component2="2" node="frontAxisComponentJoint" rotLimit="0 0 5" rotLimitSpring="0 0 4000" rotLimitDamping="0 0 75" maxRotDriveForce="0 0 30" rotDriveRotation="0 0 0" rotDriveSpring="0 0 30" rotDriveDamping="0 0 30" breakable="false"/>
        </components>
        <schemaOverlay attacherJointPosition="0 0">
            <default name="DEFAULT_VEHICLE"/>
            <turnedOn name="DEFAULT_VEHICLE_ON"/>
            <selected name="DEFAULT_VEHICLE_SELECTED"/>
            <turnedOnSelected name="DEFAULT_VEHICLE_SELECTED_ON"/>
        </schemaOverlay>
    </base>

    <wheels>
        <wheelConfigurations>
            <wheelConfiguration name="$l10n_configuration_valueDefault" price="0" brand="TRELLEBORG">
                <wheels autoRotateBackSpeed="2.2">
                    <wheel filename="wheels/TM900/600_70R30.xml" configId="jd" isLeft="true" hasTireTracks="true" hasParticles="true">
                        <physics rotSpeed="1" restLoad="1.9" repr="wheelFrontLeftAxis" driveNode="wheelFrontLeft"   forcePointRatio="0.5" initialCompression="25" suspTravel="0.17" spring="40" damper="55"/>
                        <steering node="steeringBar" nodeMinTransX="0.125" nodeMaxTransX="-0.125"/>
                        <fender node="wheelFrontLeftFender" rotMax="18"/>
                    </wheel>
                    <wheel filename="wheels/TM900/600_70R30.xml" configId="jd" isLeft="false" hasTireTracks="true" hasParticles="true">
                        <physics rotSpeed="1" restLoad="1.9" repr="wheelFrontRightAxis" driveNode="wheelFrontRight" forcePointRatio="0.5" initialCompression="25" suspTravel="0.17" spring="40" damper="55"/>
                        <fender node="wheelFrontRightFender" rotMin="-18"/>
                    </wheel>
                    <wheel filename="$data/shared/wheels/trelleborg/TM900/710_70R42.xml" isLeft="true" hasTireTracks="true" hasParticles="true">
                        <physics rotSpeed="0" restLoad="1.9" repr="wheelBackLeft"  forcePointRatio="0.5" initialCompression="20" suspTravel="0.28" spring="28" damper="55"/>
                    </wheel>
                    <wheel filename="$data/shared/wheels/trelleborg/TM900/710_70R42.xml" isLeft="false" hasTireTracks="true" hasParticles="true">
                        <physics rotSpeed="0" restLoad="1.9" repr="wheelBackRight" forcePointRatio="0.5" initialCompression="20" suspTravel="0.28" spring="28" damper="55"/>
                    </wheel>
                    <foliageBendingModifier index="1" minX="-1.25" maxX="1.25" />
                    <foliageBendingModifier index="2" minX="-1.3" maxX="1.3" />
                </wheels>
				<objectChange node="wheelFrontLeft1" visibilityActive="false" />
				<objectChange node="wheelFrontRight1" visibilityActive="false" />
            </wheelConfiguration>
            <wheelConfiguration name="$l10n_configuration_valueWheelWeights" price="1200" brand="TRELLEBORG">
                <wheels autoRotateBackSpeed="2.2">
                    <wheel filename="$data/shared/wheels/trelleborg/TM900/600_70R30.xml" isLeft="true" hasTireTracks="true" hasParticles="true">
                        <physics rotSpeed="1" restLoad="1.9" repr="wheelFrontLeftAxis" driveNode="wheelFrontLeft1"   forcePointRatio="0.5" initialCompression="25" suspTravel="0.17" spring="40" damper="55"/>
                        <steering node="steeringBar" nodeMinTransX="0.125" nodeMaxTransX="-0.125"/>
                        <fender node="wheelFrontLeftFender" rotMax="18"/>
                    </wheel>
                    <wheel filename="$data/shared/wheels/trelleborg/TM900/600_70R30.xml" isLeft="false" hasTireTracks="true" hasParticles="true">
                        <physics rotSpeed="1" restLoad="1.9" repr="wheelFrontRightAxis" driveNode="wheelFrontRight1" forcePointRatio="0.5" initialCompression="25" suspTravel="0.17" spring="40" damper="55"/>
                        <fender node="wheelFrontRightFender" rotMin="-18"/>
                    </wheel>
                    <wheel filename="$data/shared/wheels/trelleborg/TM900/710_70R42.xml" configId="weight2" isLeft="true" hasTireTracks="true" hasParticles="true">
                        <physics rotSpeed="0" restLoad="2.7" repr="wheelBackLeft"  forcePointRatio="0.5" initialCompression="20" suspTravel="0.28" spring="28" damper="55"/>
                    </wheel>
                    <wheel filename="$data/shared/wheels/trelleborg/TM900/710_70R42.xml" configId="weight2" isLeft="false" hasTireTracks="true" hasParticles="true">
                        <physics rotSpeed="0" restLoad="2.7" repr="wheelBackRight" forcePointRatio="0.5" initialCompression="20" suspTravel="0.28" spring="28" damper="55"/>
                    </wheel>
                    <foliageBendingModifier index="1" minX="-1.25" maxX="1.25" />
                    <foliageBendingModifier index="2" minX="-1.3" maxX="1.3" />
                </wheels>
				<objectChange node="wheelFrontLeft" visibilityActive="false" />
				<objectChange node="wheelFrontRight" visibilityActive="false" />
            </wheelConfiguration>
            <wheelConfiguration name="$l10n_configuration_valueWheelBroad" price="2000" brand="TRELLEBORG">
                <wheels autoRotateBackSpeed="2.2">
                    <wheel filename="$data/shared/wheels/trelleborg/TM900/600_70R30.xml" isLeft="true" hasTireTracks="true" hasParticles="true">
                        <physics rotSpeed="1" restLoad="1.9" repr="wheelFrontLeftAxis" driveNode="wheelFrontLeft1"   forcePointRatio="0.5" initialCompression="25" suspTravel="0.17" spring="40" damper="55"/>
                        <steering node="steeringBar" nodeMinTransX="0.125" nodeMaxTransX="-0.125"/>
                        <fender node="wheelFrontLeftFender" rotMax="18"/>
                    </wheel>
                    <wheel filename="$data/shared/wheels/trelleborg/TM900/600_70R30.xml" isLeft="false" hasTireTracks="true" hasParticles="true">
                        <physics rotSpeed="1" restLoad="1.9" repr="wheelFrontRightAxis" driveNode="wheelFrontRight1" forcePointRatio="0.5" initialCompression="25" suspTravel="0.17" spring="40" damper="55"/>
                        <fender node="wheelFrontRightFender" rotMin="-18"/>
                    </wheel>
                    <wheel filename="$data/shared/wheels/trelleborg/TM900/800_70R38.xml" isLeft="true" hasTireTracks="true" hasParticles="true">
                        <physics rotSpeed="0" restLoad="1.9" repr="wheelBackLeft"  forcePointRatio="0.5" initialCompression="20" suspTravel="0.28" spring="28" damper="55"/>
                    </wheel>
                    <wheel filename="$data/shared/wheels/trelleborg/TM900/800_70R38.xml" isLeft="false" hasTireTracks="true" hasParticles="true">
                        <physics rotSpeed="0" restLoad="1.9" repr="wheelBackRight" forcePointRatio="0.5" initialCompression="20" suspTravel="0.28" spring="28" damper="55"/>
                    </wheel>
                    <foliageBendingModifier index="1" minX="-1.25" maxX="1.25" />
                    <foliageBendingModifier index="2" minX="-1.4" maxX="1.4" />
                </wheels>
				<objectChange node="wheelFrontLeft" visibilityActive="false" />
				<objectChange node="wheelFrontRight" visibilityActive="false" />
                <size width="3.2" />
            </wheelConfiguration>
            <wheelConfiguration name="$l10n_configuration_valueWheelBroadWeights" price="3000" brand="TRELLEBORG">
                <wheels autoRotateBackSpeed="2.2">
                    <wheel filename="wheels/TM900/650_60R34.xml" configId="jd" isLeft="true" hasTireTracks="true" hasParticles="true">
                        <physics rotSpeed="1" restLoad="1.9" repr="wheelFrontLeftAxis" driveNode="wheelFrontLeft"   forcePointRatio="0.5" initialCompression="25" suspTravel="0.17" spring="40" damper="55"/>
                        <steering node="steeringBar" nodeMinTransX="0.125" nodeMaxTransX="-0.125"/>
                        <fender node="wheelFrontLeftFender" rotMax="18"/>
                    </wheel>
                    <wheel filename="wheels/TM900/650_60R34.xml" configId="jd" isLeft="false" hasTireTracks="true" hasParticles="true">
                        <physics rotSpeed="1" restLoad="1.9" repr="wheelFrontRightAxis" driveNode="wheelFrontRight" forcePointRatio="0.5" initialCompression="25" suspTravel="0.17" spring="40" damper="55"/>
                        <fender node="wheelFrontRightFender" rotMin="-18"/>
                    </wheel>
                    <wheel filename="$data/shared/wheels/trelleborg/TM900/800_70R38.xml" configId="weight2" isLeft="true" hasTireTracks="true" hasParticles="true">
                        <physics rotSpeed="0" restLoad="2.7" repr="wheelBackLeft"  forcePointRatio="0.5" initialCompression="20" suspTravel="0.28" spring="28" damper="55"/>
                    </wheel>
                    <wheel filename="$data/shared/wheels/trelleborg/TM900/800_70R38.xml" configId="weight2" isLeft="false" hasTireTracks="true" hasParticles="true">
                        <physics rotSpeed="0" restLoad="2.7" repr="wheelBackRight" forcePointRatio="0.5" initialCompression="20" suspTravel="0.28" spring="28" damper="55"/>
                    </wheel>
                    <foliageBendingModifier index="1" minX="-1.25" maxX="1.25" />
                    <foliageBendingModifier index="2" minX="-1.4" maxX="1.4" />
                </wheels>
				<objectChange node="wheelFrontLeft1" visibilityActive="false" />
				<objectChange node="wheelFrontRight1" visibilityActive="false" />
                <size width="3.2" />
            </wheelConfiguration>
			<wheelConfiguration name="$l10n_configuration_valueTwinWheelsBack" price="4000" brand="TRELLEBORG">
                <wheels autoRotateBackSpeed="2.2">
                    <wheel filename="$data/shared/wheels/trelleborg/TM900/600_70R30.xml" isLeft="true" hasTireTracks="true" hasParticles="true">
                        <physics rotSpeed="1" restLoad="1.9" repr="wheelFrontLeftAxis" driveNode="wheelFrontLeft1"   forcePointRatio="0.5" initialCompression="25" suspTravel="0.17" spring="40" damper="55"/>
                        <steering node="steeringBar" nodeMinTransX="0.125" nodeMaxTransX="-0.125"/>
                        <fender node="wheelFrontLeftFender" rotMax="18"/>
                    </wheel>
                    <wheel filename="$data/shared/wheels/trelleborg/TM900/600_70R30.xml" isLeft="false" hasTireTracks="true" hasParticles="true">
                        <physics rotSpeed="1" restLoad="1.9" repr="wheelFrontRightAxis" driveNode="wheelFrontRight1" forcePointRatio="0.5" initialCompression="25" suspTravel="0.17" spring="40" damper="55"/>
                        <fender node="wheelFrontRightFender" rotMin="-18"/>
                    </wheel>
                    <wheel filename="$data/shared/wheels/trelleborg/TM900/710_70R42.xml" isLeft="true" hasTireTracks="true" hasParticles="true">
                        <physics rotSpeed="0" restLoad="2.2" repr="wheelBackLeft"  forcePointRatio="0.5" initialCompression="20" suspTravel="0.28" spring="28" damper="55"/>
                        <additionalWheel filename="$data/shared/wheels/trelleborg/TM900/710_70R42.xml" configId="dual" offset="0.2" hasParticles="true" hasTireTracks="true">
                            <connector filename="$data/shared/wheels/rims/dual001_2.xml"/>
                        </additionalWheel>
                    </wheel>
                    <wheel filename="$data/shared/wheels/trelleborg/TM900/710_70R42.xml" isLeft="false" hasTireTracks="true" hasParticles="true">
                        <physics rotSpeed="0" restLoad="2.2" repr="wheelBackRight" forcePointRatio="0.5" initialCompression="20" suspTravel="0.28" spring="28" damper="55"/>
                        <additionalWheel filename="$data/shared/wheels/trelleborg/TM900/710_70R42.xml" configId="dual" offset="0.2" hasParticles="true" hasTireTracks="true">
                            <connector filename="$data/shared/wheels/rims/dual001_2.xml"/>
                        </additionalWheel>
                    </wheel>
                    <foliageBendingModifier index="1" minX="-1.25" maxX="1.25" />
                    <foliageBendingModifier index="2" minX="-2.1" maxX="2.1" />
                </wheels>
				<objectChange node="wheelFrontLeft" visibilityActive="false" />
				<objectChange node="wheelFrontRight" visibilityActive="false" />
                <size width="4.6"/>
            </wheelConfiguration>
            <wheelConfiguration name="$l10n_configuration_valueTwinWheelsAll" price="6000" brand="TRELLEBORG">
                <wheels autoRotateBackSpeed="2.2" ackermannSteeringIndex="2">
                    <wheel filename="$data/shared/wheels/trelleborg/TM900/600_70R30.xml" isLeft="true" hasTireTracks="true" hasParticles="true">
                        <physics rotSpeed="1" restLoad="2.1" repr="wheelFrontLeftAxis" driveNode="wheelFrontLeft1"   forcePointRatio="0.5" initialCompression="25" suspTravel="0.17" spring="40" damper="55"/>
                        <steering node="steeringBar" nodeMinTransX="0.125" nodeMaxTransX="-0.125"/>
                        <fender node="wheelFrontLeftFender" rotMax="18"/>
                        <additionalWheel filename="$data/shared/wheels/trelleborg/TM900/600_70R30.xml" configId="dual" offset="0.2" hasParticles="true" hasTireTracks="true">
                            <connector filename="$data/shared/wheels/rims/dual001_2.xml"/>
                        </additionalWheel>
                    </wheel>
                    <wheel filename="$data/shared/wheels/trelleborg/TM900/600_70R30.xml" isLeft="false" hasTireTracks="true" hasParticles="true">
                        <physics rotSpeed="1" restLoad="2.1" repr="wheelFrontRightAxis" driveNode="wheelFrontRight1" forcePointRatio="0.5" initialCompression="25" suspTravel="0.17" spring="40" damper="55"/>
                        <fender node="wheelFrontRightFender" rotMin="-18"/>
                        <additionalWheel filename="$data/shared/wheels/trelleborg/TM900/600_70R30.xml" configId="dual" offset="0.2" hasParticles="true" hasTireTracks="true">
                            <connector filename="$data/shared/wheels/rims/dual001_2.xml"/>
                        </additionalWheel>
                    </wheel>
                    <wheel filename="$data/shared/wheels/trelleborg/TM900/710_70R42.xml" isLeft="true" hasTireTracks="true" hasParticles="true">
                        <physics rotSpeed="0" restLoad="2.2" repr="wheelBackLeft"  forcePointRatio="0.5" initialCompression="20" suspTravel="0.28" spring="28" damper="55"/>
                        <additionalWheel filename="$data/shared/wheels/trelleborg/TM900/710_70R42.xml" configId="dual" offset="0.2" hasParticles="true" hasTireTracks="true">
                            <connector filename="$data/shared/wheels/rims/dual001_2.xml"/>
                        </additionalWheel>
                    </wheel>
                    <wheel filename="$data/shared/wheels/trelleborg/TM900/710_70R42.xml" isLeft="false" hasTireTracks="true" hasParticles="true">
                        <physics rotSpeed="0" restLoad="2.2" repr="wheelBackRight" forcePointRatio="0.5" initialCompression="20" suspTravel="0.28" spring="28" damper="55"/>
                        <additionalWheel filename="$data/shared/wheels/trelleborg/TM900/710_70R42.xml" configId="dual" offset="0.2" hasParticles="true" hasTireTracks="true">
                            <connector filename="$data/shared/wheels/rims/dual001_2.xml"/>
                        </additionalWheel>
                    </wheel>
                    <foliageBendingModifier index="1" minX="-1.95" maxX="1.95" />
                    <foliageBendingModifier index="2" minX="-2.05" maxX="2.05" />
                </wheels>
				<objectChange node="wheelFrontLeft" visibilityActive="false" />
				<objectChange node="wheelFrontRight" visibilityActive="false" />
                <size width="4.6"/>
            </wheelConfiguration>
			<wheelConfiguration name="$l10n_configuration_valueDefault" price="0" brand="MICHELIN">
                <wheels autoRotateBackSpeed="2.2">
                    <wheel filename="$data/shared/wheels/michelin/axioBib2/600_70R30.xml" isLeft="true" hasTireTracks="true" hasParticles="true">
                        <physics rotSpeed="1" restLoad="1.9" repr="wheelFrontLeftAxis" driveNode="wheelFrontLeft1"   forcePointRatio="0.5" initialCompression="25" suspTravel="0.17" spring="40" damper="55"/>
                        <steering node="steeringBar" nodeMinTransX="0.125" nodeMaxTransX="-0.125"/>
                        <fender node="wheelFrontLeftFender" rotMax="18"/>
                    </wheel>
                    <wheel filename="$data/shared/wheels/michelin/axioBib2/600_70R30.xml" isLeft="false" hasTireTracks="true" hasParticles="true">
                        <physics rotSpeed="1" restLoad="1.9" repr="wheelFrontRightAxis" driveNode="wheelFrontRight1" forcePointRatio="0.5" initialCompression="25" suspTravel="0.17" spring="40" damper="55"/>
                        <fender node="wheelFrontRightFender" rotMin="-18"/>
                    </wheel>
                    <wheel filename="$data/shared/wheels/michelin/axioBib2/710_70R42.xml" isLeft="true" hasTireTracks="true" hasParticles="true">
                        <physics rotSpeed="0" restLoad="1.9" repr="wheelBackLeft"  forcePointRatio="0.5" initialCompression="20" suspTravel="0.28" spring="28" damper="55"/>
                    </wheel>
                    <wheel filename="$data/shared/wheels/michelin/axioBib2/710_70R42.xml" isLeft="false" hasTireTracks="true" hasParticles="true">
                        <physics rotSpeed="0" restLoad="1.9" repr="wheelBackRight" forcePointRatio="0.5" initialCompression="20" suspTravel="0.28" spring="28" damper="55"/>
                    </wheel>
                    <foliageBendingModifier index="1" minX="-1.25" maxX="1.25" />
                    <foliageBendingModifier index="2" minX="-1.3" maxX="1.3" />
                </wheels>
				<objectChange node="wheelFrontLeft" visibilityActive="false" />
				<objectChange node="wheelFrontRight" visibilityActive="false" />
            </wheelConfiguration>
			<wheelConfiguration name="$l10n_configuration_valueWheelBroad" price="2000" brand="MICHELIN">
                <wheels autoRotateBackSpeed="2.2">
                    <wheel filename="$data/shared/wheels/michelin/axioBib/620_75R30.xml" isLeft="true" hasTireTracks="true" hasParticles="true">
                        <physics rotSpeed="1" restLoad="1.9" repr="wheelFrontLeftAxis" driveNode="wheelFrontLeft1"   forcePointRatio="0.5" initialCompression="25" suspTravel="0.17" spring="40" damper="55"/>
                        <steering node="steeringBar" nodeMinTransX="0.125" nodeMaxTransX="-0.125"/>
                        <fender node="wheelFrontLeftFender" rotMax="18"/>
                    </wheel>
                    <wheel filename="$data/shared/wheels/michelin/axioBib/620_75R30.xml" isLeft="false" hasTireTracks="true" hasParticles="true">
                        <physics rotSpeed="1" restLoad="1.9" repr="wheelFrontRightAxis" driveNode="wheelFrontRight1" forcePointRatio="0.5" initialCompression="25" suspTravel="0.17" spring="40" damper="55"/>
                        <fender node="wheelFrontRightFender" rotMin="-18"/>
                    </wheel>
                    <wheel filename="$data/shared/wheels/michelin/axioBib/710_75R42.xml" isLeft="true" hasTireTracks="true" hasParticles="true">
                        <physics rotSpeed="0" restLoad="1.9" repr="wheelBackLeft"  forcePointRatio="0.5" initialCompression="20" suspTravel="0.28" spring="28" damper="55"/>
                    </wheel>
                    <wheel filename="$data/shared/wheels/michelin/axioBib/710_75R42.xml" isLeft="false" hasTireTracks="true" hasParticles="true">
                        <physics rotSpeed="0" restLoad="1.9" repr="wheelBackRight" forcePointRatio="0.5" initialCompression="20" suspTravel="0.28" spring="28" damper="55"/>
                    </wheel>
                    <foliageBendingModifier index="1" minX="-1.25" maxX="1.25" />
                    <foliageBendingModifier index="2" minX="-1.3" maxX="1.3" />
                </wheels>
				<objectChange node="wheelFrontLeft" visibilityActive="false" />
				<objectChange node="wheelFrontRight" visibilityActive="false" />
				<size width="3.2" />
            </wheelConfiguration>
			<wheelConfiguration name="$l10n_configuration_valueWheelWeights" price="2400" brand="MICHELIN">
                <wheels autoRotateBackSpeed="2.2">
                    <wheel filename="wheels/machXBib/600_70R30.xml" configId="jd" isLeft="true" hasTireTracks="true" hasParticles="true">
                        <physics rotSpeed="1" restLoad="1.9" repr="wheelFrontLeftAxis" driveNode="wheelFrontLeft"   forcePointRatio="0.5" initialCompression="25" suspTravel="0.17" spring="40" damper="55"/>
                        <steering node="steeringBar" nodeMinTransX="0.125" nodeMaxTransX="-0.125"/>
                        <fender node="wheelFrontLeftFender" rotMax="18"/>
                    </wheel>
                    <wheel filename="wheels/machXBib/600_70R30.xml" configId="jd" isLeft="false" hasTireTracks="true" hasParticles="true">
                        <physics rotSpeed="1" restLoad="1.9" repr="wheelFrontRightAxis" driveNode="wheelFrontRight" forcePointRatio="0.5" initialCompression="25" suspTravel="0.17" spring="40" damper="55"/>
                        <fender node="wheelFrontRightFender" rotMin="-18"/>
                    </wheel>
                    <wheel filename="wheels/machXBib/800_70R38.xml" configId="weight2" isLeft="true" hasTireTracks="true" hasParticles="true">
                        <physics rotSpeed="0" restLoad="1.9" repr="wheelBackLeft"  forcePointRatio="0.5" initialCompression="20" suspTravel="0.28" spring="28" damper="55"/>
                    </wheel>
                    <wheel filename="wheels/machXBib/800_70R38.xml" configId="weight2" isLeft="false" hasTireTracks="true" hasParticles="true">
                        <physics rotSpeed="0" restLoad="1.9" repr="wheelBackRight" forcePointRatio="0.5" initialCompression="20" suspTravel="0.28" spring="28" damper="55"/>
                    </wheel>
                    <foliageBendingModifier index="1" minX="-1.25" maxX="1.25" />
                    <foliageBendingModifier index="2" minX="-1.3" maxX="1.3" />
                </wheels>
				<objectChange node="wheelFrontLeft1" visibilityActive="false" />
				<objectChange node="wheelFrontRight1" visibilityActive="false" />
				<size width="3.2" />
            </wheelConfiguration>
			<wheelConfiguration name="$l10n_configuration_valueWheelBroadWeights" price="3400" brand="MICHELIN">
                <wheels autoRotateBackSpeed="2.2">
                    <wheel filename="$data/shared/wheels/michelin/cereXBib2/620_70R30.xml" isLeft="true" hasTireTracks="true" hasParticles="true">
                        <physics rotSpeed="1" restLoad="1.9" repr="wheelFrontLeftAxis" driveNode="wheelFrontLeft1"   forcePointRatio="0.5" initialCompression="25" suspTravel="0.17" spring="40" damper="55"/>
                        <steering node="steeringBar" nodeMinTransX="0.125" nodeMaxTransX="-0.125"/>
                        <fender node="wheelFrontLeftFender" rotMax="18"/>
                    </wheel>
                    <wheel filename="$data/shared/wheels/michelin/cereXBib2/620_70R30.xml" isLeft="false" hasTireTracks="true" hasParticles="true">
                        <physics rotSpeed="1" restLoad="1.9" repr="wheelFrontRightAxis" driveNode="wheelFrontRight1" forcePointRatio="0.5" initialCompression="25" suspTravel="0.17" spring="40" damper="55"/>
                        <fender node="wheelFrontRightFender" rotMin="-18"/>
                    </wheel>
                    <wheel filename="wheels/800_70R42.xml" configId="weight2" isLeft="true" hasTireTracks="true" hasParticles="true">
                        <physics rotSpeed="0" restLoad="1.9" repr="wheelBackLeft"  forcePointRatio="0.5" initialCompression="20" suspTravel="0.28" spring="28" damper="55"/>
                    </wheel>
                    <wheel filename="wheels/800_70R42.xml" configId="weight2" isLeft="false" hasTireTracks="true" hasParticles="true">
                        <physics rotSpeed="0" restLoad="1.9" repr="wheelBackRight" forcePointRatio="0.5" initialCompression="20" suspTravel="0.28" spring="28" damper="55"/>
                    </wheel>
                    <foliageBendingModifier index="1" minX="-1.25" maxX="1.25" />
                    <foliageBendingModifier index="2" minX="-1.3" maxX="1.3" />
                </wheels>
				<objectChange node="wheelFrontLeft" visibilityActive="false" />
				<objectChange node="wheelFrontRight" visibilityActive="false" />
				<size width="3.2" />
            </wheelConfiguration>
			<wheelConfiguration name="$l10n_configuration_valueDefault" price="2800" brand="MITAS">
                <wheels autoRotateBackSpeed="2.2">
                    <wheel filename="$data/shared/wheels/mitas/SFT/620_75R30.xml" isLeft="true" hasTireTracks="true" hasParticles="true">
                        <physics rotSpeed="1" restLoad="1.9" repr="wheelFrontLeftAxis" driveNode="wheelFrontLeft1"   forcePointRatio="0.5" initialCompression="25" suspTravel="0.17" spring="40" damper="55"/>
                        <steering node="steeringBar" nodeMinTransX="0.125" nodeMaxTransX="-0.125"/>
                        <fender node="wheelFrontLeftFender" rotMax="18"/>
                    </wheel>
                    <wheel filename="$data/shared/wheels/mitas/SFT/620_75R30.xml" isLeft="false" hasTireTracks="true" hasParticles="true">
                        <physics rotSpeed="1" restLoad="1.9" repr="wheelFrontRightAxis" driveNode="wheelFrontRight1" forcePointRatio="0.5" initialCompression="25" suspTravel="0.17" spring="40" damper="55"/>
                        <fender node="wheelFrontRightFender" rotMin="-18"/>
                    </wheel>
                    <wheel filename="$data/shared/wheels/mitas/SFT/710_75R42.xml" isLeft="true" hasTireTracks="true" hasParticles="true">
                        <physics rotSpeed="0" restLoad="1.9" repr="wheelBackLeft"  forcePointRatio="0.5" initialCompression="20" suspTravel="0.28" spring="28" damper="55"/>
                    </wheel>
                    <wheel filename="$data/shared/wheels/mitas/SFT/710_75R42.xml" isLeft="false" hasTireTracks="true" hasParticles="true">
                        <physics rotSpeed="0" restLoad="1.9" repr="wheelBackRight" forcePointRatio="0.5" initialCompression="20" suspTravel="0.28" spring="28" damper="55"/>
                    </wheel>
                    <foliageBendingModifier index="1" minX="-1.25" maxX="1.25" />
                    <foliageBendingModifier index="2" minX="-1.3" maxX="1.3" />
                </wheels>
				<objectChange node="wheelFrontLeft" visibilityActive="false" />
				<objectChange node="wheelFrontRight" visibilityActive="false" />
            </wheelConfiguration>
			<wheelConfiguration name="$l10n_configuration_valueWheelBroad" price="3200" brand="MITAS">
                <wheels autoRotateBackSpeed="2.2">
                    <wheel filename="$data/shared/wheels/mitas/SFT/650_60R34.xml" isLeft="true" hasTireTracks="true" hasParticles="true">
                        <physics rotSpeed="1" restLoad="1.9" repr="wheelFrontLeftAxis" driveNode="wheelFrontLeft1"   forcePointRatio="0.5" initialCompression="25" suspTravel="0.17" spring="40" damper="55"/>
                        <steering node="steeringBar" nodeMinTransX="0.125" nodeMaxTransX="-0.125"/>
                        <fender node="wheelFrontLeftFender" rotMax="18"/>
                    </wheel>
                    <wheel filename="$data/shared/wheels/mitas/SFT/650_60R34.xml" isLeft="false" hasTireTracks="true" hasParticles="true">
                        <physics rotSpeed="1" restLoad="1.9" repr="wheelFrontRightAxis" driveNode="wheelFrontRight1" forcePointRatio="0.5" initialCompression="25" suspTravel="0.17" spring="40" damper="55"/>
                        <fender node="wheelFrontRightFender" rotMin="-18"/>
                    </wheel>
                    <wheel filename="$data/shared/wheels/mitas/SFT/800_70R38.xml" isLeft="true" hasTireTracks="true" hasParticles="true">
                        <physics rotSpeed="0" restLoad="1.9" repr="wheelBackLeft"  forcePointRatio="0.5" initialCompression="20" suspTravel="0.28" spring="28" damper="55"/>
                    </wheel>
                    <wheel filename="$data/shared/wheels/mitas/SFT/800_70R38.xml" isLeft="false" hasTireTracks="true" hasParticles="true">
                        <physics rotSpeed="0" restLoad="1.9" repr="wheelBackRight" forcePointRatio="0.5" initialCompression="20" suspTravel="0.28" spring="28" damper="55"/>
                    </wheel>
                    <foliageBendingModifier index="1" minX="-1.25" maxX="1.25" />
                    <foliageBendingModifier index="2" minX="-1.3" maxX="1.3" />
                </wheels>
				<objectChange node="wheelFrontLeft" visibilityActive="false" />
				<objectChange node="wheelFrontRight" visibilityActive="false" />
            </wheelConfiguration>
            <wheelConfiguration name="$l10n_configuration_valueWheelCommunal" price="1000" brand="NOKIAN">
                <wheels autoRotateBackSpeed="2.2">
                    <wheel filename="$data/shared/wheels/nokian/TRI2/440_80R34.xml" isLeft="true" hasTireTracks="true" hasParticles="true">
                        <physics rotSpeed="1" restLoad="1.9" repr="wheelFrontLeftAxis" driveNode="wheelFrontLeft1"   forcePointRatio="0.5" initialCompression="25" suspTravel="0.19" spring="35" damper="55"/>
                        <steering node="steeringBar" nodeMinTransX="0.125" nodeMaxTransX="-0.125"/>
                        <fender node="wheelFrontLeftFender" rotMax="18"/>
                    </wheel>
                    <wheel filename="$data/shared/wheels/nokian/TRI2/440_80R34.xml" isLeft="false" hasTireTracks="true" hasParticles="true">
                        <physics rotSpeed="1" restLoad="1.9" repr="wheelFrontRightAxis" driveNode="wheelFrontRight1" forcePointRatio="0.5" initialCompression="25" suspTravel="0.19" spring="35" damper="55"/>
                        <fender node="wheelFrontRightFender" rotMin="-18"/>
                    </wheel>
                    <wheel filename="$data/shared/wheels/nokian/TRI2/620_80R42.xml" isLeft="true" hasTireTracks="true" hasParticles="true">
                        <physics rotSpeed="0" restLoad="1.8" repr="wheelBackLeft"  forcePointRatio="0.5" initialCompression="20" suspTravel="0.28" spring="27" damper="55"/>
                    </wheel>
                    <wheel filename="$data/shared/wheels/nokian/TRI2/620_80R42.xml" isLeft="false" hasTireTracks="true" hasParticles="true">
                        <physics rotSpeed="0" restLoad="1.8" repr="wheelBackRight" forcePointRatio="0.5" initialCompression="20" suspTravel="0.28" spring="27" damper="55"/>
                    </wheel>
                    <foliageBendingModifier index="1" minX="-1.2" maxX="1.2" />
                    <foliageBendingModifier index="2" minX="-1.25" maxX="1.25" />
                </wheels>
				<objectChange node="wheelFrontLeft" visibilityActive="false" />
				<objectChange node="wheelFrontRight" visibilityActive="false" />
            </wheelConfiguration>
            <wheelConfiguration name="$l10n_configuration_valueWheelNarrow" price="1000" brand="TRELLEBORG">
                <wheels autoRotateBackSpeed="2.2">
                    <wheel filename="wheels/TM100/230_95R44.xml" isLeft="true" hasTireTracks="true" hasParticles="true">
                        <physics rotSpeed="1" restLoad="1.8" repr="wheelFrontLeftAxis" driveNode="wheelFrontLeft" forcePointRatio="0.5" initialCompression="25" suspTravel="0.15" spring="46" damper="55"/>
                        <steering node="steeringBar" nodeMinTransX="0.125" nodeMaxTransX="-0.125"/>
                        <fender node="wheelFrontLeftFender" rotMax="18"/>
                    </wheel>
                    <wheel filename="wheels/TM100/230_95R44.xml" isLeft="false" hasTireTracks="true" hasParticles="true">
                        <physics rotSpeed="1" restLoad="1.8" repr="wheelFrontRightAxis" driveNode="wheelFrontRight" forcePointRatio="0.5" initialCompression="25" suspTravel="0.15" spring="46" damper="55"/>
                        <fender node="wheelFrontRightFender" rotMin="-18"/>
                    </wheel>
                    <wheel filename="wheels/TM100/380_90R54.xml" isLeft="true" hasTireTracks="true" hasParticles="true">
                        <physics rotSpeed="0" restLoad="1.7" repr="wheelBackLeft" forcePointRatio="0.5" initialCompression="20" suspTravel="0.17" spring="46" damper="55"/>
                    </wheel>
                    <wheel filename="wheels/TM100/380_90R54.xml" isLeft="false" hasTireTracks="true" hasParticles="true">
                        <physics rotSpeed="0" restLoad="1.7" repr="wheelBackRight" forcePointRatio="0.5" initialCompression="20" suspTravel="0.17" spring="46" damper="55"/>
                    </wheel>
                    <foliageBendingModifier index="1" minX="-0.8" maxX="0.8"/>
                    <foliageBendingModifier index="2" minX="-1.0" maxX="1.0"/>
                </wheels>
				<objectChange node="wheelFrontLeft1" visibilityActive="false" />
				<objectChange node="wheelFrontRight1" visibilityActive="false" />
            </wheelConfiguration>
        </wheelConfigurations>

        <ackermannSteeringConfigurations>
            <ackermannSteering rotSpeed="40" rotMax="47" rotCenterWheel1="3" rotCenterWheel2="4" />
            <ackermannSteering rotSpeed="40" rotMax="23" rotCenterWheel1="3" rotCenterWheel2="4" />
        </ackermannSteeringConfigurations>

        <hubs>
            <color0>AGCO_GREY1</color0>
            <hub linkNode="wheelFrontLeft"   filename="$data/shared/wheels/hubs/hub_n10_2.xml" isLeft="true"  scale="0.33 0.3 0.3" offset="-0.025" />
            <hub linkNode="wheelFrontRight"  filename="$data/shared/wheels/hubs/hub_n10_2.xml" isLeft="false" scale="0.33 0.3 0.3" offset="-0.025" />
			<hub linkNode="wheelFrontLeft1"  filename="$data/shared/wheels/hubs/hub_n10_2.xml" isLeft="true"  scale="0.34 0.3 0.3" offset="0" />
            <hub linkNode="wheelFrontRight1" filename="$data/shared/wheels/hubs/hub_n10_2.xml" isLeft="false" scale="0.34 0.3 0.3" offset="0" />
			<hub linkNode="wheelBackLeft"    filename="wheels/hubs/hub_n10_9.xml" isLeft="true"  scale="0.33 0.33 0.33" >
				<color2>0.98 0.98 0.98 8</color2>
                <color3>0.91 0.91 0.91 3</color3>
            </hub>
            <hub linkNode="wheelBackRight"   filename="wheels/hubs/hub_n10_9.xml" isLeft="false" scale="0.33 0.33 0.33" >
				<color2>0.98 0.98 0.98 8</color2>
                <color3>0.91 0.91 0.91 3</color3>
            </hub>
        </hubs>
    </wheels>
	
	<rimColorConfigurations useDefaultColors="true" price="300" defaultColorIndex="0">
		<rimColorConfiguration name="GREY"  color="SHARED_GREY1"/>
		<rimColorConfiguration name="GREY1" color="SHARED_GREY2" material="27"/>
		<rimColorConfiguration name="BLACK MAT" color="SHARED_BLACK2" material="27" />
	</rimColorConfigurations>

    <attacherJoints comboDuration="2">
        <attacherJoint node="attacherJointBack" upperRotationOffset="0.50" moveTime="2.5" comboTime="1">
            <distanceToGround lower="0.33" upper="1.14"/>
            <rotationNode node="attacherJointBackRot" upperRotation="24 0 0" lowerRotation="-23 0 0"/>
            <rotationNode2 node="attacherJointBackRot2"/>
            <bottomArm rotationNode="attacherJointBackArmBottom" translationNode="bottomArmBack" referenceNode="referencePointBackBottom" zScale="-1" startRotation="-17 0 0"/>
            <topArm baseNode="attacherJointBackArmTop" filename="$data/shared/assets/upperLinks/walterscheid03.i3d" zScale="-1" color="SHARED_BLACK4" />
            <schema position="1 0" rotation="0" invertX="false"/>
            <objectChange node="trailerAttacherTransNode" visibilityActive="false" visibilityInactive="true"/>
            <objectChange node="lowAttacherTransNode" visibilityActive="false" visibilityInactive="true"/>
        </attacherJoint>
        <attacherJoint node="attacherJointFront" upperRotationOffset="-0.50" moveTime="2.5" comboTime="0">
            <distanceToGround lower="0.34" upper="1.08"/>
            <rotationNode node="attacherJointFrontRot" upperRotation="-35 0 0" lowerRotation="24 0 0"/>
            <rotationNode2 node="attacherJointFrontRot2"/>
            <bottomArm rotationNode="attacherJointFrontArmBottom" translationNode="bottomLinkFront" referenceNode="referencePointFrontBottom" zScale="1"/>
            <topArm baseNode="attacherJointFrontArmTop" filename="$data/shared/assets/upperLinks/walterscheid01.i3d" zScale="1" color="SHARED_BLACK4" />
            <schema position="1 0" rotation="0" invertX="true"/>
            <objectChange node="bottomLinkFrontLeft" rotationActive="-6.960 17.013 6.526" rotationInactive="-54.297 17.013 6.526"/>
            <objectChange node="bottomLinkFrontRight" rotationActive="-6.960 -17.013 -6.526" rotationInactive="-54.296 -17.013 -6.526"/>
        </attacherJoint>
        <attacherJoint node="trailerAttacherJoint" jointType="trailer" lowerRotLimit="10 50 50" comboTime="1" allowsJointLimitMovement="false">
            <distanceToGround lower="0.50" upper="1.20"/>
            <transNode node="trailerAttacherTransNode" minY="0.32" maxY="1.02"/>
            <schema position="1 0" rotation="0" invertX="false"/>
            <objectChange node="lowAttacherTransNode" visibilityActive="false" visibilityInactive="true"/>
        </attacherJoint>
        <attacherJoint node="trailerAttacherJointLow" jointType="trailerLow" lowerRotLimit="10 50 50" comboTime="1" allowsJointLimitMovement="false">
            <steeringBars leftNode="trailerLowSteeringBarLeftRef" rightNode="trailerLowSteeringBarRightRef"/>
            <distanceToGround lower="0.58" upper="0.88"/>
            <transNode node="lowAttacherTransNode" minY="0.4" maxY="0.7"/>
            <schema position="1 0" rotation="0" invertX="false"/>
            <objectChange node="attacherJointBackArmBottom" rotationActive="25 0 0" rotationInactive="-17 0 0"/>
            <objectChange node="trailerAttacherTransNode" visibilityActive="false" visibilityInactive="true"/>
        </attacherJoint>
        <attacherJoint node="trailerAttacherJointFront" jointType="trailer" lowerRotLimit="10 60 50" comboTime="0" allowsJointLimitMovement="false">
            <schema position="1 0" rotation="0" invertX="true"/>
            <objectChange node="bottomLinkFrontLeft" visibilityActive="false" visibilityInactive="true"/>
            <objectChange node="bottomLinkFrontRight" visibilityActive="false" visibilityInactive="true"/>
        </attacherJoint>

        <sounds>
            <attach template="ATTACH_01" linkNode="MF7700S_main_component1" />
            <hydraulic template="DEFAULT_HYDRAULIC_SOUND" linkNode="MF7700S_main_component1" />
        </sounds>
    </attacherJoints>
	
	<agribumper>			
		<params node="attacherJointFrontArmBottom" filename="agribumper.xml" translation="0 -0.195 0.079" rotation="10 0 0" shaderParameterName="colorMat0" color="MASSEYFERGUSON_RED" />
			<attacherJoint index="2" startRotation="-10 0 0" />
			<agribumperConfigurations numConfigs="7">
				<agribumperConfiguration name="configuration_noAgribumper" price="0">
					<objectChange node="agribumper_left" translationInactive="0.15 0 0" />
					<objectChange node="agribumper_right" translationInactive="-0.15 0 0" />
					<objectChange node="agribumper_left_angle" translationInactive="0.29 0.19 0.017" />
					<objectChange node="agribumper_right_angle" translationInactive="-0.29 0.19 0.017" />
					<objectChange node="agribumper_left_angle_back_110" visibilityInactive="true" rotationInactive="0 0 4" />
					<objectChange node="agribumper_right_angle_back_110" visibilityInactive="true" rotationInactive="0 0 -4" />
					<!-- basic -->
					<objectChange node="agribumper_vis" visibilityActive="false" visibilityInactive="true" />
				</agribumperConfiguration>
				<agribumperConfiguration name="configuration_basicAgribumper" price="2000">
					<objectChange node="MF7700S_main_component1" massActive="4350" centerOfMassActive="0 0.953 -0.236" />
				</agribumperConfiguration>
				<agribumperConfiguration name="configuration_agribumperWeight700" price="2750">
					<objectChange node="MF7700S_main_component1" massActive="4650" centerOfMassActive="0 0.923 -0.068" />
					<objectChange node="agribumper_middle" translationActive="0 0 0.08" />
					<objectChange node="agribumper_middle_weight_1" visibilityActive="true" />
				</agribumperConfiguration>
				<agribumperConfiguration name="configuration_agribumperWeight900" price="3250">
					<objectChange node="MF7700S_main_component1" massActive="4850" centerOfMassActive="0 0.907 0.032" />
					<objectChange node="agribumper_left_weight_1" visibilityActive="true" />
					<objectChange node="agribumper_right_weight_1" visibilityActive="true" />
				</agribumperConfiguration>
				<agribumperConfiguration name="configuration_agribumperWeight1200" price="4000">
					<objectChange node="MF7700S_main_component1" massActive="5150" centerOfMassActive="0 0.881 0.167" />
					<objectChange node="agribumper_middle" translationActive="0 0 0.08" />
					<objectChange node="agribumper_middle_weight_1" visibilityActive="true" />
					<objectChange node="agribumper_left_weight_1" visibilityActive="true" />
					<objectChange node="agribumper_right_weight_1" visibilityActive="true" />
				</agribumperConfiguration>
				<agribumperConfiguration name="configuration_agribumperWeight1400" price="4500">
					<objectChange node="MF7700S_main_component1" massActive="5350" centerOfMassActive="0 0.867 0.250" />
					<objectChange node="agribumper_left_weight_1" visibilityActive="true" />
					<objectChange node="agribumper_right_weight_1" visibilityActive="true" />
					<objectChange node="agribumper_left_weight_2" visibilityActive="true" />
					<objectChange node="agribumper_right_weight_2" visibilityActive="true" />
				</agribumperConfiguration>
				<agribumperConfiguration name="configuration_agribumperWeight1600" price="5000">
					<objectChange node="MF7700S_main_component1" massActive="5550" centerOfMassActive="0 0.853 0.327" />
					<objectChange node="agribumper_middle" translationActive="0 0 0.08" />
					<objectChange node="agribumper_middle_weight_1" visibilityActive="true" />
					<objectChange node="agribumper_middle_weight_2" visibilityActive="true" />
					<objectChange node="agribumper_left_weight_1" visibilityActive="true" />
					<objectChange node="agribumper_right_weight_1" visibilityActive="true" />
					<objectChange node="agribumper_left_weight_2" visibilityActive="true" />
					<objectChange node="agribumper_right_weight_2" visibilityActive="true" />
				</agribumperConfiguration>
			</agribumperConfigurations>
	</agribumper>

    <powerTakeOffs>
        <output outputNode="ptoOutputBack" attacherJointIndices="1 3 4"/>
        <output outputNode="ptoOutputFront" attacherJointIndices="2 5"/>
    </powerTakeOffs>

    <frontloaderConfigurations>
        <frontloaderConfiguration name="$l10n_ui_no" price="0">
            <objectChange node="frontloaderAttacherBlock" visibilityActive="false"/>
        </frontloaderConfiguration>
        <frontloaderConfiguration name="$l10n_ui_yes" price="1500">
            <attacherJoint node="frontloaderAttacherJoint" jointType="attachableFrontloader" lowerRotLimit="0 0 0" lowerTransLimit="0 0 0" moveTime="2">
                <rotationNode upperRotation="0 0 0" lowerRotation="0 0 0"/>
                <schema position="1 0.4" rotation="0" invertX="true"/>
            </attacherJoint>
            <objectChange node="frontloaderAttacherBlock" visibilityActive="true" visibilityInactive="false"/>
        </frontloaderConfiguration>
    </frontloaderConfigurations>
	
	<designConfigurations>
        <designConfiguration name="$l10n_configuration_valueDefault">
            <objectChange node="decalsAnniversary" visibilityActive="false" />
        </designConfiguration>
        <designConfiguration name="$l10n_configurationAnniversary" price="500">
            <objectChange node="decalsAnniversary" visibilityActive="true" />
        </designConfiguration>
    </designConfigurations>

    <lights>
	    <sharedLight linkNode="rearLightCircleWhite_02"    lightTypes="0 3"   filename="$data/shared/assets/lights/lizard/rearLightCircleWhite_01.xml" />
		<sharedLight linkNode="rearLightCircleWhite_02_01" lightTypes="0 3"   filename="$data/shared/assets/lights/lizard/rearLightCircleWhite_01.xml" />
		<sharedLight linkNode="workingLightOval02" lightTypes="0 3" filename="$data/shared/assets/lights/lizard/workingLightOval_02.xml">
            <rotationNode name="rotationNode1" rotation="0 0 0" />
        </sharedLight>
		<sharedLight linkNode="workingLightOval02_01" lightTypes="0 3" filename="$data/shared/assets/lights/lizard/workingLightOval_02.xml">
            <rotationNode name="rotationNode1" rotation="0 0 0" />
        </sharedLight>
		<sharedLight linkNode="workingLightOval02_02" lightTypes="2" filename="$data/shared/assets/lights/lizard/workingLightOval_02.xml">
            <rotationNode name="rotationNode1" rotation="10 0 0" />
        </sharedLight>
		<sharedLight linkNode="workingLightOval02_03" lightTypes="2" filename="$data/shared/assets/lights/lizard/workingLightOval_02.xml">
            <rotationNode name="rotationNode1" rotation="10 0 0" />
        </sharedLight>
		<sharedLight linkNode="workingLightOval02_04" lightTypes="2" filename="$data/shared/assets/lights/lizard/workingLightOval_02.xml">
            <rotationNode name="rotationNode1" rotation="10 0 0" />
        </sharedLight>
		<sharedLight linkNode="workingLightOval02_05" lightTypes="2" filename="$data/shared/assets/lights/lizard/workingLightOval_02.xml">
            <rotationNode name="rotationNode1" rotation="10 0 0" />
        </sharedLight>
		<sharedLight linkNode="workingLightOval02_06" lightTypes="1" filename="$data/shared/assets/lights/lizard/workingLightOval_02.xml">
            <rotationNode name="rotationNode1" rotation="10 0 0" />
        </sharedLight>
		<sharedLight linkNode="workingLightOval02_07" lightTypes="1" filename="$data/shared/assets/lights/lizard/workingLightOval_02.xml">
            <rotationNode name="rotationNode1" rotation="10 0 0" />
        </sharedLight>
		<sharedLight linkNode="workingLightOval02_08" lightTypes="1" filename="$data/shared/assets/lights/lizard/workingLightOval_02.xml">
            <rotationNode name="rotationNode1" rotation="10 0 0" />
        </sharedLight>
		<sharedLight linkNode="workingLightOval02_09" lightTypes="1" filename="$data/shared/assets/lights/lizard/workingLightOval_02.xml">
            <rotationNode name="rotationNode1" rotation="10 0 0" />
        </sharedLight>
		<sharedLight linkNode="workingLightOval02_10" lightTypes="1" filename="$data/shared/assets/lights/lizard/workingLightOval_02.xml">
            <rotationNode name="rotationNode1" rotation="10 0 0" />
        </sharedLight>
		<sharedLight linkNode="workingLightOval02_11" lightTypes="1" filename="$data/shared/assets/lights/lizard/workingLightOval_02.xml">
            <rotationNode name="rotationNode1" rotation="10 0 0" />
        </sharedLight>
		<sharedLight linkNode="hellaWorkingLightOval_01" lightTypes="0 3" filename="$data/shared/assets/lights/hella/hellaWorkingLightOval_01_front.xml">
            <rotationNode name="rotationNode1" rotation="0 90 0" />
        </sharedLight>
		<sharedLight linkNode="hellaWorkingLightOval_01_02" lightTypes="0 3" filename="$data/shared/assets/lights/hella/hellaWorkingLightOval_01_front.xml">
            <rotationNode name="rotationNode1" rotation="0 90 0" />
        </sharedLight>
		
        <states>
            <state lightTypes="0"/>
            <state lightTypes="0 1"/>
            <state lightTypes="0 1 2"/>
        </states>

        <realLights>
            <low>
                <light node="frontLightLow"       lightTypes="0" excludedLightTypes="2 3" />
                <light node="workLightBackLow"    lightTypes="1"/>
                <light node="workLightFrontLow"   lightTypes="2"/>
                <light node="highBeamLow"         lightTypes="3" />
            </low>
            <high>
                <light node="frontLightHigh"        lightTypes="0" excludedLightTypes="2 3" />
                <light node="workLightBackHigh1"    lightTypes="1"/>
                <light node="workLightFrontHigh1"   lightTypes="2"/>
                <light node="highBeamHigh"          lightTypes="3"/>
                <light node="backLightsHigh1"       lightTypes="0"/>
                <brakeLight node="backLightsHigh1" />
                <turnLightLeft node="turnLightLeftFront" />
                <turnLightRight node="turnLightRightFront" />
                <interiorLight node="interiorScreenLight"/>
            </high>
        </realLights>

        <defaultLights>
            <defaultLight shaderNode="backlightsStatic"     lightTypes="0" intensity="20"/>
            <defaultLight shaderNode="backlightsStaticGlass"     lightTypes="0" intensity="0.5"/>
            <defaultLight shaderNode="frontlight02Static"     lightTypes="0 3" intensity="20"/>
            <defaultLight shaderNode="frontlight02StaticGlass"     lightTypes="0 3" intensity="0.5"/>
			<defaultLight shaderNode="lightStatic"           lightTypes="0" intensity="50"/>
			<defaultLight shaderNode="lightStatic1"          lightTypes="0" intensity="50"/>
			<defaultLight shaderNode="lightStatic2"          lightTypes="0" intensity="50"/>
			<defaultLight shaderNode="lightStatic3"          lightTypes="0" intensity="50"/>
            <defaultLight shaderNode="frontlight02Static"    lightTypes="2" intensity="30"/>
			<defaultLight shaderNode="lightGlassStatic"      lightTypes="2" intensity="30"/>
			<defaultLight shaderNode="lightGlassStatic1"     lightTypes="2" intensity="30"/>
			<defaultLight shaderNode="lightGlassStatic2"     lightTypes="2" intensity="30"/>
			<defaultLight shaderNode="lightGlassStatic3"     lightTypes="2" intensity="30"/>
        </defaultLights>

        <turnLights>
            <turnLightLeft shaderNode="turnlightLeftFrontStatic" intensity="20"/>
            <turnLightLeft shaderNode="turnlightLeftFrontStaticGlass" intensity="5"/>
            <turnLightRight shaderNode="turnlightRightFrontStatic" intensity="20"/>
            <turnLightRight shaderNode="turnlightRightFrontStaticGlass" intensity="5"/>
            <turnLightLeft shaderNode="turnlightLeftBackStatic" intensity="20"/>
            <turnLightLeft shaderNode="turnlightLeftBackStaticGlass" intensity="5"/>
            <turnLightRight shaderNode="turnlightRightBackStatic" intensity="20"/>
            <turnLightRight shaderNode="turnlightRightBackStaticGlass" intensity="5"/>
        </turnLights>

        <brakeLights>
            <brakeLight shaderNode="brakelightsStatic" intensity="20"/>
            <brakeLight shaderNode="brakelightsStaticGlass" intensity="0.5"/>
            <brakeLight shaderNode="backlightsStatic" intensity="40"/>
            <brakeLight shaderNode="backlightsStaticGlass" intensity="1"/>
        </brakeLights>

        <beaconLights>
            <beaconLight node="beaconLightLeft" filename="$data/shared/assets/beaconLights/lizard/beaconLight02.xml"/>
            <beaconLight node="beaconLightRight" filename="$data/shared/assets/beaconLights/lizard/beaconLight02.xml"/>
        </beaconLights>

        <sounds>
            <switchLight template="SWITCH_01" linkNode="MF7700S_main_component1" />
            <turnLight template="SWITCH_TURNLIGHT" linkNode="MF7700S_main_component1" />
        </sounds>

        <dashboards>
            <dashboard displayType="EMITTER" valueType="lightState" node="seatDecalLight" intensity="0.1" lightTypes="0" groups="MOTOR_ACTIVE"/>
            <dashboard displayType="EMITTER" valueType="lightState" node="joystickDecalLight" intensity="0.1" lightTypes="0" groups="MOTOR_ACTIVE"/>
            <dashboard displayType="EMITTER" valueType="lightState" node="cabinDecalLight" intensity="0.1" lightTypes="0" groups="MOTOR_ACTIVE"/>
            <dashboard displayType="EMITTER" valueType="turnLightLeft"  node="iconTurnTrailer1LeftDecal"      baseColor="BLACK" emitColor="GREEN" groups="MOTOR_ACTIVE"/>
            <dashboard displayType="EMITTER" valueType="turnLightRight" node="iconTurnTrailer1RightDecal"     baseColor="BLACK" emitColor="GREEN" groups="MOTOR_ACTIVE"/>
            <dashboard displayType="EMITTER" valueType="lightState" node="lightOnDecal" intensity="1" lightTypes="0" baseColor="BLACK" emitColor="LIGHT_GREEN" groups="MOTOR_ACTIVE"/>
        </dashboards>
    </lights>

    <enterable>
        <exitPoint node="exitPoint"/>
        <enterReferenceNode node="MF7700S_main_component1"/>

        <characterNode node="playerSkin" cameraMinDistance="1.5" spineRotation="-90 0 90">
            <target ikChain="rightFoot" targetNode="playerRightFootTarget" />
            <target ikChain="leftFoot" targetNode="playerLeftFootTarget" />
            <target ikChain="rightArm" targetNode="playerRightHandTarget" />
            <target ikChain="leftArm" targetNode="playerLeftHandTarget" />
        </characterNode>

        <characterTargetNodeModifier node="playerRightHandTarget" transitionTime="0.2" poseId="narrowFingers">
            <state node="playerRightHandTargetFrontloader" referenceNode="frontloaderJoystick" poseId="wideFingers"/>
        </characterTargetNodeModifier>

        <characterTargetNodeModifier node="playerRightFootTarget" transitionTime="0.1" >
            <state node="playerRightFootTargetGas"   referenceNode="gasPedal" directionReferenceNode="playerRightFootTargetGasRef" />
            <state node="playerRightFootTargetBrake" referenceNode="brakePedal" />
        </characterTargetNodeModifier>

        <cameras>
            <camera node="outdoorCamera" rotatable="true" rotateNode="outdoorCameraTarget" limit="true" useWorldXZRotation="true" rotMinX="-1.4" rotMaxX="1" transMin="4" transMax="40" translation="0 0 6.25" rotation="-20 180 0" >
                <raycastNode node="cameraRaycastNode1"/>
                <raycastNode node="cameraRaycastNode2"/>
                <raycastNode node="cameraRaycastNode3"/>
            </camera>
            <camera node="indoorCamera" rotatable="true" limit="true" rotMinX="-1.1" rotMaxX="0.4" transMin="0" transMax="0" useMirror="true" isInside="true" shadowFocusBox="shadowFocusBox"/>
        </cameras>

        <mirrors>
            <mirror node="mirror1Decal" prio="1"/>
            <mirror node="mirror2Decal" prio="1"/>
            <mirror node="mirror3Decal" prio="2"/>
        </mirrors>

        <dashboards>
            <dashboard displayType="NUMBER" valueType="time"          numbers="numbersTime"          numberColor="0.1725 0.1922 0.2784 1" precision="2" groups="MOTOR_ACTIVE"/>
            <dashboard displayType="NUMBER" valueType="operatingTime" numbers="numbersOperatingTime" numberColor="0.1725 0.1922 0.2784 1" precision="1" groups="MOTOR_ACTIVE"/>
        </dashboards>
    </enterable>

    <motorized>
        <consumerConfigurations>
            <consumerConfiguration>
                <consumer fillUnitIndex="1" usage="73"  fillType="diesel" />  <!-- usage is per hour at max load and max rpm -->
                <consumer fillUnitIndex="2" usage="3.0" fillType="def" />     <!-- usage is per hour at max load and max rpm -->
                <consumer fillUnitIndex="3" usage="225" fillType="air" permanentConsumption="false" refillLitersPerSecond="300" refillCapacityPercentage="0.5" /> <!-- usage per second at full brake power -->
            </consumerConfiguration>
        </consumerConfigurations>

        <motorConfigurations>
            <motorConfiguration name="7718" price="0" hp="210">
                <motor torqueScale="0.889" minRpm="850" maxRpm="2200" maxForwardSpeed="53" maxBackwardSpeed="22" brakeForce="8.5" lowBrakeForceScale="0.22" lowBrakeForceSpeedLimit="1">
                    <torque normRpm="0.45" torque="0.9"/>
                    <torque normRpm="0.5" torque="0.97"/>
                    <torque normRpm="0.59" torque="1"/>
                    <torque normRpm="0.72" torque="1"/>
                    <torque normRpm="0.86" torque="0.88"/>
                    <torque normRpm="1" torque="0.72"/>
                </motor>
                <transmission minForwardGearRatio="12.3" maxForwardGearRatio="250" minBackwardGearRatio="32" maxBackwardGearRatio="250" />
                <objectChange node="engine7718_decal" visibilityActive="true"/>
				<objectChange node="engine7720_decal" visibilityActive="false"/>
                <objectChange node="engine7722_decal" visibilityActive="false"/>
				<objectChange node="engine7724_decal" visibilityActive="false"/>
                <objectChange node="engine7726_decal" visibilityActive="false"/>
            </motorConfiguration>
			<motorConfiguration name="7720" price="10000" hp="220">
                <motor torqueScale="0.985"/>
                <objectChange node="engine7718_decal" visibilityActive="false"/>
				<objectChange node="engine7720_decal" visibilityActive="true"/>
                <objectChange node="engine7722_decal" visibilityActive="false"/>
                <objectChange node="engine7724_decal" visibilityActive="false"/>
                <objectChange node="engine7726_decal" visibilityActive="false"/>
            </motorConfiguration>
            <motorConfiguration name="7722" price="12000" hp="240">
                <motor torqueScale="1.014"/>
                <objectChange node="engine7718_decal" visibilityActive="false"/>
				<objectChange node="engine7720_decal" visibilityActive="false"/>
                <objectChange node="engine7722_decal" visibilityActive="true"/>
                <objectChange node="engine7724_decal" visibilityActive="false"/>
                <objectChange node="engine7726_decal" visibilityActive="false"/>
            </motorConfiguration>
			<motorConfiguration name="7724" price="15000" hp="260">
                <motor torqueScale="1.054"/>
                <objectChange node="engine7718_decal" visibilityActive="false"/>
				<objectChange node="engine7720_decal" visibilityActive="false"/>
                <objectChange node="engine7722_decal" visibilityActive="false"/>
                <objectChange node="engine7724_decal" visibilityActive="true"/>
                <objectChange node="engine7726_decal" visibilityActive="false"/>
            </motorConfiguration>
            <motorConfiguration name="7726" price="35000" hp="280">
                <motor torqueScale="1.184"/>
                <objectChange node="engine7718_decal" visibilityActive="false"/>
				<objectChange node="engine7720_decal" visibilityActive="false"/>
                <objectChange node="engine7722_decal" visibilityActive="false"/>
				<objectChange node="engine7724_decal" visibilityActive="false"/>
                <objectChange node="engine7726_decal" visibilityActive="true"/>
            </motorConfiguration>
			<motorConfiguration name="7726 LSF" price="40000" hp="305">
                <motor torqueScale="1.287"/>
                <objectChange node="engine7718_decal" visibilityActive="false"/>
				<objectChange node="engine7720_decal" visibilityActive="false"/>
                <objectChange node="engine7722_decal" visibilityActive="false"/>
				<objectChange node="engine7724_decal" visibilityActive="false"/>
                <objectChange node="engine7726_decal" visibilityActive="true"/>
            </motorConfiguration>
        </motorConfigurations>

        <differentialConfigurations>
            <differentialConfiguration>
                <differentials>
                    <differential torqueRatio="0.5" maxSpeedRatio="1.8" wheelIndex1="1" wheelIndex2="2"/>
                    <differential torqueRatio="0.5" maxSpeedRatio="1.8" wheelIndex1="3" wheelIndex2="4"/>
                    <differential torqueRatio="0.5" maxSpeedRatio="1.8" differentialIndex1="1" differentialIndex2="2"/>
                </differentials>
            </differentialConfiguration>
        </differentialConfigurations>

        <exhaustEffects>
            <exhaustEffect node="exhaustParticleLinkNode" filename="$data/particleSystems/shared/exhaust.i3d" minRpmColor="0.9 0.9 0.9 0.1" maxRpmColor="0.9 0.9 0.9 0.5" minRpmScale="0.05" maxRpmScale="0.5" xzRotationsOffset="-180 0" xzRotationsForward="0 300" xzRotationsBackward="150 0" xzRotationsLeft="20 80" xzRotationsRight="40 -200"/>
        </exhaustEffects>

        <motorStartDuration>2500</motorStartDuration>

        <dashboards>
            <dashboard displayType="ANIMATION" valueType="rpm" animName="rpmDisplay" minValueAnim="0" maxValueAnim="2500" groups="MOTOR_ACTIVE"/>
            <dashboard displayType="ANIMATION" valueType="motorTemperature" animName="loadingBarTemperature" minValueAnim="20" maxValueAnim="120" groups="MOTOR_ACTIVE"/>
            <dashboard displayType="NUMBER" valueType="rpm"   numbers="numbersRpm"   numberColor="0.1725 0.1922 0.2784 1" precision="0" groups="MOTOR_ACTIVE"/>
            <dashboard displayType="NUMBER" valueType="speed" numbers="numbersSpeed" numberColor="0.1725 0.1922 0.2784 1" precision="1" groups="MOTOR_ACTIVE"/>
        </dashboards>

        <sounds externalSoundFile="sounds/mf_7700.xml" />
    </motorized>

    <drivable>
        <sounds>
            <waterSplash template="WATER_SPLASH_01" linkNode="MF7700S_main_component1" />
        </sounds>

        <steeringWheel node="steeringWheel" indoorRotation="540" outdoorRotation="50"/>

        <dashboards>
            <dashboard displayType="ROT" valueType="accelerationAxis" node="gasPedal"   minRot="0 0 0" maxRot="-20 0 0" doInterpolation="true" groups="MOTOR_ACTIVE"/>
            <dashboard displayType="ROT" valueType="decelerationAxis" node="brakePedal" minRot="0 0 0" maxRot="-20 0 0" doInterpolation="true" groups="MOTOR_ACTIVE"/>
        </dashboards>
    </drivable>

    <animations>
        <animation name="rpmDisplay">
            <part node="indoorHudRpmNeedle" startTime="0" endTime="1" startRot="0 0 0" endRot="0 -237 0"/>
        </animation>
        <animation name="wiperFrontAnimation">
            <part node="wiperFront" startTime="0.0" endTime="0.5" startRot="0 2.4 0" endRot="0 0 -90"/>
            <part node="wiperFront" startTime="0.5" endTime="1.0" startRot="0 0 -90" endRot="0 2.4 -180"/>
        </animation>
        <animation name="wiperBackAnimation">
            <part node="wiperBack" startTime="0" endTime="0.8" startRot="0 0 0" endRot="0 0 98"/>
        </animation>
        <animation name="loadingBarFuel" >
            <part node="fuelDecal" startTime="0.0" endTime="1.0" shaderParameter="sliderPos" shaderStartValues="0.1 0 0 0" shaderEndValues="1.0 0 0 0" />
        </animation>
        <animation name="loadingBarDef" >
            <part node="defDecal" startTime="0.0" endTime="1.0" shaderParameter="sliderPos" shaderStartValues="0.1 0 0 0" shaderEndValues="1.0 0 0 0" />
        </animation>
        <animation name="loadingBarAir" >
            <part node="airDecal" startTime="0.0" endTime="1.0" shaderParameter="sliderPos" shaderStartValues="0.1 0 0 0" shaderEndValues="1.0 0 0 0" />
        </animation>
         <animation name="loadingBarTemperature" >
            <part node="tempBarDecal" startTime="0.0" endTime="1.0" shaderParameter="sliderPos" shaderStartValues="0.1 0 0 0" shaderEndValues="1.0 0 0 0" />
        </animation>
		<!-- doors -->
		<animation name="doorLeftMovement">
            <part node="windowLeft" startTime="0" endTime="2" startRot="0 0 0" endRot="0 60 0" />
        </animation>
		<animation name="doorBackMovement">
			<part node="windowBack" startTime="0" endTime="2" startRot="0 0 0" endRot="70 0 0" />
        </animation>
    </animations>
	
	<simpleIC outsideInteractionTrigger="sIC_playerTrigger" >
		<animation animationName="doorBackMovement" animationSpeed="1.5" sharedAnimation="false" soundVolumeIncreasePercentage="10.0" >
			<insideTrigger triggerPoint="sIC_windowBackInside" triggerPointSize="0.04" />
		</animation>	
		<animation animationName="doorLeftMovement" animationSpeed="1.5" sharedAnimation="false" soundVolumeIncreasePercentage="10.0" >
			<outsideTrigger triggerPoint="sIC_doorLeftOutside" triggerPointSize="0.04" />
			<insideTrigger triggerPoint="sIC_doorLeftInside" triggerPointSize="0.04" />
		</animation>
		<animation animationName="toogleBackHydraulic">
			<outsideTrigger triggerPoint="sIC_lowerBackOutside" triggerPointSize="0.01" />
		</animation>
		<animation animationName="toogleFrontHydraulic">
			<outsideTrigger triggerPoint="sIC_toggleFrontHydraulic" triggerPointSize="0.01" />
		</animation>
		<animation animationName="activateBack">
			<outsideTrigger triggerPoint="sIC_upperBackOutside" triggerPointSize="0.01" />
		</animation>
	</simpleIC>
	
    <cylindered>
        <movingTools>
            <movingTool node="attacherJointBackArmBottom">
                <dependentPart node="mainArm"/>
            </movingTool>
            <movingTool node="attacherJointFrontArmBottom">
                <dependentPart node="hydraulicFront"/>
            </movingTool>
			<!--
			<movingTool node="windowLeft">
                <controls axis="AXIS_FRONTLOADER_ARM" invertAxis="true" mouseSpeedFactor="0.8" iconName="TOP_DOOR_ROTATE" />
                <animation animSpeed="0.8" animAcceleration="200" animName="doorLeftMovement" />
				<dependentPart node="hydraulicDoor"/>
            </movingTool>
			-->
			<!--
			<movingTool node="windowBack">
                <controls axis="AXIS_FRONTLOADER_TOOL" invertAxis="true" mouseSpeedFactor="0.8" iconName="TOP_DOOR_ROTATE" />
                <animation animSpeed="0.8" animAcceleration="200" animName="doorBackMovement" />
				<dependentPart node="cylinderL"/>
				<dependentPart node="cylinderR"/>
            </movingTool>
			-->
        </movingTools>

        <movingParts>
            <movingPart node="hydraulicFront" referencePoint="hydraulicFrontRef" referenceFrame="hydraulicFrontRefFrame">
                <translatingPart node="hydraulicFrontPunch"/>
            </movingPart>
            <movingPart node="mainArm" referencePoint="mainArmRef" localReferencePoint="mainArmPart" referenceFrame="attacherJointBackRot">
                <dependentPart node="mainArmPart"/>
            </movingPart>
            <movingPart node="mainArmPart" referencePoint="mainArmRef" referenceFrame="mainArmRef">
                <dependentPart node="hydraulicMainArm"/>
                <dependentPart node="sideArmLeft"/>
                <dependentPart node="sideArmRight"/>
            </movingPart>
            <movingPart node="sideArmLeft" referencePoint="sideArmLeftRef" referenceFrame="sideArmLeftRef" scaleZ="true"/>
            <movingPart node="sideArmRight" referencePoint="sideArmRightRef" referenceFrame="sideArmRightRef" scaleZ="true"/>
            <movingPart node="hydraulicMainArm" referencePoint="hydraulicMainArmRef" referenceFrame="hydraulicMainArmRef">
                <translatingPart node="hydraulicMainArmPunch"/>
                <dependentPart node="hydraulicMainArmPipe"/>
            </movingPart>
            <movingPart node="hydraulicMainArmPipe" referencePoint="hydraulicMainArmPipeRef" referenceFrame="hydraulicMainArmPipeRef" scaleZ="true"/>
            <movingPart node="steeringBarLeft" referencePoint="steeringBarLeftRef" referenceFrame="steeringBarLeftRef" isActiveDirty="true" scaleZ="true"/>
            <movingPart node="steeringBarRight" referencePoint="steeringBarRightRef" referenceFrame="steeringBarRightRef" isActiveDirty="true" scaleZ="true"/>
            <movingPart node="hydraulicAxisLeft" referencePoint="hydraulicAxixLeftRef" referenceFrame="hydraulicAxixLeftRef" isActiveDirty="true">
                <translatingPart node="hydraulicAxisLeftPunch"/>
            </movingPart>
            <movingPart node="hydraulicAxisRight" referencePoint="hydraulicAxisRightRef" referenceFrame="hydraulicAxisRightRef" isActiveDirty="true">
                <translatingPart node="hydraulicAxisRightPunch"/>
            </movingPart>
			<!-- doors -->
			<movingPart node="hydraulicDoor" referencePoint="hydraulicD_ref" referenceFrame="hydraulicD_ref" isActiveDirty="true">
                 <translatingPart node="punchDoor"/>
            </movingPart>
			<movingPart node="cylinderL" referencePoint="cylinderL_ref" referenceFrame="cylinderL_ref" isActiveDirty="true">
                 <translatingPart node="punchL"/>
            </movingPart>
		    <movingPart node="cylinderR" referencePoint="cylinderR_ref" referenceFrame="cylinderR_ref" isActiveDirty="true">
                 <translatingPart node="punchR"/>
            </movingPart>
        </movingParts>

        <sounds>
            <hydraulic template="DEFAULT_HYDRAULIC_SOUND" linkNode="MF7700S_main_component1"/>
        </sounds>

        <dashboards>
            <dashboard displayType="ROT" valueType="movingTool" node="frontloaderJoystick" rotAxis="1" minRot="-15" maxRot="15" axis="AXIS_FRONTLOADER_ARM"  attacherJointIndex="6" doInterpolation="true" groups="MOTOR_ACTIVE"/>
            <dashboard displayType="ROT" valueType="movingTool" node="frontloaderJoystick" rotAxis="3" minRot="-15" maxRot="15" axis="AXIS_FRONTLOADER_TOOL" attacherJointIndex="6" doInterpolation="true" groups="MOTOR_ACTIVE"/>
        </dashboards>
    </cylindered>

    <wipers>
        <wiper animName="wiperFrontAnimation" >
            <state animSpeed="0.75" animPause="2.0" />
            <state animSpeed="0.75" animPause="0.0" />
            <state animSpeed="1.10" animPause="0.0" />
        </wiper>
        <wiper animName="wiperBackAnimation" >
            <state animSpeed="1.0" animPause="2.0" />
        </wiper>
    </wipers>

    <connectionHoses>
        <target attacherJointIndices="2 5" type="electric" node="electricFront" socket="electric"/>
        <target attacherJointIndices="1 3 4" type="electric" node="electricBack" socket="electric"/>
        <target attacherJointIndices="1 3 4" type="hydraulicIn" node="hydraulicIn01"/>
        <target attacherJointIndices="1 3 4" type="hydraulicOut" node="hydraulicOut01"/>
        <target attacherJointIndices="1 3 4" type="hydraulicIn" node="hydraulicIn02"/>
        <target attacherJointIndices="1 3 4" type="hydraulicOut" node="hydraulicOut02"/>
        <target attacherJointIndices="1 3 4" type="hydraulicIn" node="hydraulicIn03"/>
        <target attacherJointIndices="1 3 4" type="hydraulicOut" node="hydraulicOut03"/>
        <target attacherJointIndices="1 3 4" type="hydraulicIn" node="hydraulicIn04"/>
        <target attacherJointIndices="1 3 4" type="hydraulicOut" node="hydraulicOut04"/>
        <target attacherJointIndices="1 3 4" type="hydraulicIn" node="hydraulicIn05"/>
        <target attacherJointIndices="1 3 4" type="hydraulicOut" node="hydraulicOut05"/>
        <target attacherJointIndices="2 5" type="hydraulicIn" node="hydraulicIn07"/>
        <target attacherJointIndices="2 5" type="hydraulicOut" node="hydraulicOut07"/>
        <target attacherJointIndices="2 5" type="hydraulicIn" node="hydraulicIn08"/>
        <target attacherJointIndices="2 5" type="hydraulicOut" node="hydraulicOut08"/>
		<target attacherJointIndices="1 3 4" type="airDoubleRed" node="airDoubleR">
            <objectChange node="cabR" rotationActive="0 0 0" rotationInactive="-95 0 0"/>
        </target>
        <target attacherJointIndices="1 3 4" type="airDoubleYellow" node="airDoubleY">
            <objectChange node="cabY" rotationActive="0 0 0" rotationInactive="-95 0 0"/>
        </target>

        <toolConnectorHose mountingNode="rightPipe">
            <startTarget attacherJointIndices="2 5" type="TOOL_CONNECTOR_TOP_RIGHT" node="rightPipe_frontConnector"/>
            <endTarget attacherJointIndices="1 2 4" type="TOOL_CONNECTOR_TOP_RIGHT" node="rightPipe_backConnector" straighteningFactor="2"/>
        </toolConnectorHose>

        <toolConnectorHose mountingNode="bottomPipe01">
            <startTarget attacherJointIndices="2 5" type="TOOL_CONNECTOR_BOTTOM_01" node="bottomPipe01_frontConnector"/>
            <endTarget attacherJointIndices="1 2 4" type="TOOL_CONNECTOR_BOTTOM_01" node="bottomPipe01_backConnector"/>
        </toolConnectorHose>

        <toolConnectorHose mountingNode="bottomPipe02">
            <startTarget attacherJointIndices="2 5" type="TOOL_CONNECTOR_BOTTOM_02" node="bottomPipe02_frontConnector"/>
            <endTarget attacherJointIndices="1 2 4" type="TOOL_CONNECTOR_BOTTOM_02" node="bottomPipe02_backConnector"/>
        </toolConnectorHose>

        <toolConnectorHose mountingNode="bottomPipe03">
            <startTarget attacherJointIndices="2 5" type="TOOL_CONNECTOR_BOTTOM_03" node="bottomPipe03_frontConnector"/>
            <endTarget attacherJointIndices="1 2 4" type="TOOL_CONNECTOR_BOTTOM_03" node="bottomPipe03_backConnector"/>
        </toolConnectorHose>

        <toolConnectorHose mountingNode="bottomPipe04">
            <startTarget attacherJointIndices="2 5" type="TOOL_CONNECTOR_BOTTOM_04" node="bottomPipe04_frontConnector"/>
            <endTarget attacherJointIndices="1 2 4" type="TOOL_CONNECTOR_BOTTOM_04" node="bottomPipe04_backConnector"/>
        </toolConnectorHose>
    </connectionHoses>

    <suspensions>
        <suspension node="cabinSuspension" weight="400" minRotation="-5 0 -5" maxRotation="5 0 5" suspensionParametersX="200 17" suspensionParametersZ="200 17" />
        <suspension node="seatSuspension" weight="150" minTranslation="-0.05 -0.15 0.0" maxTranslation="0.05 0.15 0.0" suspensionParametersX="20 4" suspensionParametersY="5 1" suspensionParametersZ="20 4" />
        <suspension useCharacterTorso="true" weight="90" minRotation="0 -5 -5" maxRotation="0 5 5" suspensionParametersY="7 1" suspensionParametersZ="7 1" />
    </suspensions>

    <fillUnit>
        <fillUnitConfigurations>
            <fillUnitConfiguration>
                <fillUnits>
                    <fillUnit unit="$l10n_unit_literShort" showOnHud="false" showInShop="false" fillTypes="diesel" capacity="430" >
                        <dashboard displayType="ANIMATION" valueType="fillLevel" animName="loadingBarFuel" groups="MOTOR_ACTIVE"/>
                    </fillUnit>
                    <fillUnit unit="$l10n_unit_literShort" showOnHud="false" showInShop="false" fillTypes="def" capacity="40" >
                        <dashboard displayType="ANIMATION" valueType="fillLevel" animName="loadingBarDef" groups="MOTOR_ACTIVE"/>
                    </fillUnit>
                    <fillUnit unit="$l10n_unit_literShort" showOnHud="false" showInShop="false" fillTypes="air" capacity="3000" >
                        <dashboard displayType="ANIMATION" valueType="fillLevel" animName="loadingBarAir" groups="MOTOR_ACTIVE"/>
                    </fillUnit>
                </fillUnits>
            </fillUnitConfiguration>
        </fillUnitConfigurations>
    </fillUnit>

    <!--
	<honk>
        <sound template="HONK_MF_BIG_TRACTOR" linkNode="MF7700S_main_component1" />
    </honk>
	-->
	
	<honk>
        <sound file="sounds/7700_horn.ogg" innerRadius="50" outerRadius="120.0" fadeOut="0.1">
            <volume indoor="0.5" outdoor="1.8" />
            <pitch indoor="1.0" outdoor="1.0" />
            <lowpassGain indoor="0.75" outdoor="1.0" />
        </sound>
    </honk>

    <dashboard>
        <groups>
            <group name="MOTOR_STARTING" isMotorStarting="true"/>
            <group name="MOTOR_ACTIVE"   isMotorStarting="true" isMotorRunning="true"/>
        </groups>

        <default>
            <dashboard displayType="EMITTER" node="dashboard_decal" idleValue="-1" intensity="0.3" groups="MOTOR_ACTIVE" />
            <dashboard displayType="EMITTER" node="indoorHudRpmNeedle" idleValue="-1" intensity="0.3" groups="MOTOR_ACTIVE" />
            <dashboard displayType="EMITTER" node="displayDecal" idleValue="-1" intensity="0.3" groups="MOTOR_ACTIVE" />
            <dashboard displayType="VISIBILITY" node="numbersOperatingTime" groups="MOTOR_ACTIVE" />
            <dashboard displayType="VISIBILITY" node="numbersTime" groups="MOTOR_ACTIVE" />
            <dashboard displayType="VISIBILITY" node="numbersRpm" groups="MOTOR_ACTIVE" />
            <dashboard displayType="VISIBILITY" node="numbersSpeed" groups="MOTOR_ACTIVE" />
            <dashboard displayType="EMITTER" node="tempBarDecal" intensity="0.25" idleValue="-1" groups="MOTOR_ACTIVE"/>
            <dashboard displayType="EMITTER" node="airDecal" intensity="0.25" idleValue="-1" groups="MOTOR_ACTIVE"/>
            <dashboard displayType="EMITTER" node="exhaustDecal" intensity="0.25" idleValue="-1" groups="MOTOR_ACTIVE"/>
            <dashboard displayType="EMITTER" node="defDecal" intensity="0.25" idleValue="-1" groups="MOTOR_ACTIVE"/>
            <dashboard displayType="EMITTER" node="fuelDecal" intensity="0.25" idleValue="-1" groups="MOTOR_ACTIVE"/>
            <dashboard displayType="EMITTER" node="startUpDecalLeft" intensity="0.5" baseColor="BLACK" emitColor="RED" groups="MOTOR_STARTING"/>
            <dashboard displayType="EMITTER" node="startUpDecalRight" intensity="0.5" baseColor="BLACK" emitColor="RED" groups="MOTOR_STARTING"/>
            <dashboard displayType="EMITTER" node="alwaysOnDecals" intensity="0.5" baseColor="BLACK" emitColor="GREY" groups="MOTOR_ACTIVE"/>
        </default>
    </dashboard>

    <ai>
        <collisionTrigger node="aiCollisionTrigger"/>
    </ai>

    <foliageBending>
        <bendingNode minX="-1.1" maxX="1.1" minZ="-0.3" maxZ="2.4" yOffset="0.6" />
        <bendingNode minX="-1.1" maxX="1.1" minZ="-2.3" maxZ="-0.3" yOffset="0.6" />
    </foliageBending>

    <baseMaterial>
        <material name="MF7700S_mat" baseNode="MF_vis">
            <shaderParameter name="colorMat0" value="MASSEYFERGUSON_RED"/>
        </material>
		<material name="grillMF_mat" baseNode="grill_vis">
            <shaderParameter name="colorMat0" value="MASSEYFERGUSON_RED"/>
			<shaderParameter name="colorMat2" value="MASSEYFERGUSON_RED"/>
        </material>
    </baseMaterial>
	
	<baseMaterialConfigurations>
	   <baseMaterialConfiguration color="MASSEYFERGUSON_RED"/>
	   <baseMaterialConfiguration color="MASSEYFERGUSON_RED" material="3" price="1000"/>
	   <baseMaterialConfiguration color="MASSEYFERGUSON_RED" material="27" price="2000"/>
	   <baseMaterialConfiguration color="SHARED_GREY1" price="1000"/>
	   <baseMaterialConfiguration color="FENDT_BLACK1" price="1000"/>
	   <baseMaterialConfiguration color="FENDT_BLACK1" material="27" price="2000"/>
	   <baseMaterialConfiguration color="0.25 0.3 0.15 0" material="3" price="1500"/>
	   <baseMaterialConfiguration color="0.25 0.3 0.15 0" material="27" price="2500"/>
	   <baseMaterialConfiguration color="FENDT_YELLOW1" material="3" price="2500"/>
	   <baseMaterialConfiguration color="FENDT_YELLOW1" material="27" price="3500"/>
       <material name="MF7700S_mat" shaderParameter="colorMat0" />
    </baseMaterialConfigurations>
	
	<designMaterialConfigurations>
        <designMaterialConfiguration name="$l10n_configuration_valueDefault" color="MASSEYFERGUSON_RED"/>
		<designMaterialConfiguration name="$l10n_configurationRedM" material="3" color="MASSEYFERGUSON_RED" price="1000"/>
		<designMaterialConfiguration name="$l10n_configurationRedMAT" material="27" color="MASSEYFERGUSON_RED" price="2000"/>
        <designMaterialConfiguration name="$l10n_configurationBlack" color="SHARED_BLACK2" price="1000"/>
		<designMaterialConfiguration name="$l10n_configurationBlackMAT" color="SHARED_BLACK2" material="27" price="2000"/>
		<designMaterialConfiguration name="$l10n_configurationGold"    color="FENDT_YELLOW1" material="3" price="3000"/>
		<designMaterialConfiguration name="$l10n_configurationGoldMAT" color="FENDT_YELLOW1" material="27" price="3000"/>
        <material name="grillMF_mat" shaderParameter="colorMat0" />
		<material name="grillMF_mat" shaderParameter="colorMat2" />
    </designMaterialConfigurations>

    <wearable wearDuration="480" workMultiplier="5" fieldMultiplier="2"/>
    <washable dirtDuration="90" washDuration="1" workMultiplier="3" fieldMultiplier="2"/>

    <i3dMappings>
        <i3dMapping id="MF7700S_main_component1" node="0>" />
        <i3dMapping id="MF_vis" node="0>0|11" />
		<i3dMapping id="grill_vis" node="0>0|10|4" />
		<i3dMapping id="decalsAnniversary" node="0>0|10|5|2|0" />
        <i3dMapping id="wheelBackLeft" node="0>0|0|0" />
        <i3dMapping id="wheelBackRight" node="0>0|0|1" />
        <i3dMapping id="frontAxisComponentJoint" node="0>0|0|2" />
        <i3dMapping id="outdoorCameraTarget" node="0>0|1|0" />
        <i3dMapping id="outdoorCamera" node="0>0|1|0|0" />
        <i3dMapping id="indoorCamera" node="0>0|9|0|5" />
        <i3dMapping id="cameraRaycastNode1" node="0>0|1|2" />
        <i3dMapping id="cameraRaycastNode2" node="0>0|1|3" />
        <i3dMapping id="cameraRaycastNode3" node="0>0|1|4" />
        <i3dMapping id="shadowFocusBox" node="0>0|1|5" />
        <i3dMapping id="rearLightCircleWhite_02" node="0>0|2|0|0" />
		<i3dMapping id="rearLightCircleWhite_02_01" node="0>0|2|0|1" />
        <i3dMapping id="lightGlassStatic" node="0>0|2|0|2|0" />
		<i3dMapping id="lightGlassStatic1" node="0>0|2|0|3|0" />
		<i3dMapping id="lightGlassStatic2" node="0>0|2|0|4|0" />
		<i3dMapping id="lightGlassStatic3" node="0>0|2|0|5|0" />
		<i3dMapping id="lightStatic" node="0>0|2|0|2|1" />
		<i3dMapping id="lightStatic1" node="0>0|2|0|3|1" />
		<i3dMapping id="lightStatic2" node="0>0|2|0|4|1" />
		<i3dMapping id="lightStatic3" node="0>0|2|0|5|1" />
        <i3dMapping id="frontLightLow" node="0>0|2|1|0" />
        <i3dMapping id="highBeamLow" node="0>0|2|1|1" />
        <i3dMapping id="frontLightHigh" node="0>0|2|1|2" />
        <i3dMapping id="highBeamHigh" node="0>0|2|1|3" />
        <i3dMapping id="workLightFrontLow" node="0>0|2|2|0" />
        <i3dMapping id="workLightFrontHigh1" node="0>0|2|2|1" />
        <i3dMapping id="workLightBackLow" node="0>0|2|2|2" />
        <i3dMapping id="workLightBackHigh1" node="0>0|2|2|3" />
        <i3dMapping id="backLightsHigh1" node="0>0|2|3|0" />
        <i3dMapping id="turnLightLeftFront" node="0>0|2|4|0" />
        <i3dMapping id="turnLightRightFront" node="0>0|2|4|1" />
        <i3dMapping id="exitPoint" node="0>0|3" />
        <i3dMapping id="attacherJointBackRot" node="0>0|4|0|0" />
        <i3dMapping id="attacherJointBackRot2" node="0>0|4|0|0|0" />
        <i3dMapping id="attacherJointBack" node="0>0|4|0|0|0|0" />
        <i3dMapping id="attacherJointBackArmBottom" node="0>0|4|0|1" />
        <i3dMapping id="bottomArmBack" node="0>0|4|0|1|0" />
        <i3dMapping id="referencePointBackBottom" node="0>0|4|0|1|0|0" />
        <i3dMapping id="mainArmRef" node="0>0|4|0|1|0|1" />
        <i3dMapping id="sideArmLeftRef" node="0>0|4|0|1|0|2" />
        <i3dMapping id="sideArmRightRef" node="0>0|4|0|1|0|3" />
        <i3dMapping id="attacherJointBackArmTop" node="0>0|4|0|2" />
        <i3dMapping id="attacherJointFrontRot" node="0>0|4|0|3" />
        <i3dMapping id="attacherJointFrontRot2" node="0>0|4|0|3|0" />
        <i3dMapping id="attacherJointFront" node="0>0|4|0|3|0|0" />
        <i3dMapping id="attacherJointFrontArmBottom" node="0>0|4|0|4" />
        <i3dMapping id="bottomLinkFront" node="0>0|4|0|4|0" />
        <i3dMapping id="referencePointFrontBottom" node="0>0|4|0|4|0|0" />
        <i3dMapping id="hydraulicFrontRef" node="0>0|4|0|4|0|1" />
        <i3dMapping id="bottomLinkFrontLeft" node="0>0|4|0|4|0|2" />
        <i3dMapping id="bottomLinkFrontRight" node="0>0|4|0|4|0|3" />
        <i3dMapping id="attacherJointFrontArmTop" node="0>0|4|0|5" />
        <i3dMapping id="trailerAttacherTransNode" node="0>0|4|1|0" />
        <i3dMapping id="trailerAttacherJoint" node="0>0|4|1|0|0" />
        <i3dMapping id="lowAttacherTransNode" node="0>0|4|1|1" />
        <i3dMapping id="trailerAttacherJointLow" node="0>0|4|1|1|0" />
        <i3dMapping id="trailerLowSteeringBarLeftRef" node="0>0|4|1|1|1" />
        <i3dMapping id="trailerLowSteeringBarRightRef" node="0>0|4|1|1|2" />
        <i3dMapping id="trailerAttacherJointFront" node="0>0|4|1|2" />
        <i3dMapping id="ptoOutputBack" node="0>0|4|2|0" />
        <i3dMapping id="ptoOutputFront" node="0>0|4|2|1" />
        <i3dMapping id="frontloaderAttacherBlock" node="0>0|4|3|0" />
        <i3dMapping id="frontloaderAttacherJoint" node="0>0|4|3|0|0" />
        <i3dMapping id="rightPipe" node="0>0|4|4|0" />
        <i3dMapping id="rightPipe_frontConnector" node="0>0|4|4|0|0" />
        <i3dMapping id="rightPipe_backConnector" node="0>0|4|4|0|1" />
        <i3dMapping id="bottomPipe01" node="0>0|4|4|1" />
        <i3dMapping id="bottomPipe01_frontConnector" node="0>0|4|4|1|0" />
        <i3dMapping id="bottomPipe01_backConnector" node="0>0|4|4|1|1" />
        <i3dMapping id="bottomPipe02" node="0>0|4|4|2" />
        <i3dMapping id="bottomPipe02_frontConnector" node="0>0|4|4|2|0" />
        <i3dMapping id="bottomPipe02_backConnector" node="0>0|4|4|2|1" />
        <i3dMapping id="bottomPipe03" node="0>0|4|4|3" />
        <i3dMapping id="bottomPipe03_frontConnector" node="0>0|4|4|3|0" />
        <i3dMapping id="bottomPipe03_backConnector" node="0>0|4|4|3|1" />
        <i3dMapping id="bottomPipe04" node="0>0|4|4|4" />
        <i3dMapping id="bottomPipe04_frontConnector" node="0>0|4|4|4|0" />
        <i3dMapping id="bottomPipe04_backConnector" node="0>0|4|4|4|1" />
        <i3dMapping id="hydraulicIn01" node="0>0|4|4|5" />
        <i3dMapping id="hydraulicOut01" node="0>0|4|4|6" />
        <i3dMapping id="hydraulicIn02" node="0>0|4|4|7" />
        <i3dMapping id="hydraulicOut02" node="0>0|4|4|8" />
        <i3dMapping id="hydraulicIn03" node="0>0|4|4|9" />
        <i3dMapping id="hydraulicOut03" node="0>0|4|4|10" />
        <i3dMapping id="hydraulicIn04" node="0>0|4|4|11" />
        <i3dMapping id="hydraulicOut04" node="0>0|4|4|12" />
        <i3dMapping id="hydraulicIn05" node="0>0|4|4|13" />
        <i3dMapping id="hydraulicOut05" node="0>0|4|4|14" />
        <i3dMapping id="hydraulicIn07" node="0>0|4|4|15" />
        <i3dMapping id="hydraulicOut07" node="0>0|4|4|16" />
        <i3dMapping id="hydraulicIn08" node="0>0|4|4|17" />
        <i3dMapping id="hydraulicOut08" node="0>0|4|4|18" />
        <i3dMapping id="electricFront" node="0>0|4|4|19" />
        <i3dMapping id="electricBack" node="0>0|4|4|20" />
        <i3dMapping id="airDoubleY" node="0>0|4|4|21|0|0" />
        <i3dMapping id="airDoubleR" node="0>0|4|4|22|0|0" />
		<i3dMapping id="cabR" node="0>0|4|4|22|0|1" />
        <i3dMapping id="cabY" node="0>0|4|4|21|0|1" />
        <i3dMapping id="aiCollisionTrigger" node="0>0|5|0" />
        <i3dMapping id="exhaustParticleLinkNode" node="0>0|6" />
        <i3dMapping id="hydraulicAxisLeft" node="0>0|7|0|0" />
        <i3dMapping id="hydraulicAxisLeftPunch" node="0>0|7|0|0|0" />
        <i3dMapping id="hydraulicAxisRight" node="0>0|7|0|1" />
        <i3dMapping id="hydraulicAxisRightPunch" node="0>0|7|0|1|0" />
        <i3dMapping id="mainArm" node="0>0|7|1" />
        <i3dMapping id="mainArmPart" node="0>0|7|1|0" />
        <i3dMapping id="hydraulicMainArm" node="0>0|7|1|1" />
        <i3dMapping id="hydraulicMainArmPunch" node="0>0|7|1|1|0" />
        <i3dMapping id="hydraulicMainArmPipe" node="0>0|7|1|1|1" />
        <i3dMapping id="hydraulicFront" node="0>0|7|2" />
        <i3dMapping id="hydraulicFrontPunch" node="0>0|7|2|0" />
        <i3dMapping id="sideArmLeft" node="0>0|7|3" />
        <i3dMapping id="sideArmRight" node="0>0|7|4" />
        <i3dMapping id="hydraulicMainArmRef" node="0>0|7|5" />
        <i3dMapping id="hydraulicMainArmPipeRef" node="0>0|7|6" />
        <i3dMapping id="hydraulicFrontRefFrame" node="0>0|7|7" />
        <i3dMapping id="engine7718_decal" node="0>0|8|0" />
		<i3dMapping id="engine7720_decal" node="0>0|8|1" />
        <i3dMapping id="engine7722_decal" node="0>0|8|2" />
		<i3dMapping id="engine7724_decal" node="0>0|8|3" />
        <i3dMapping id="engine7726_decal" node="0>0|8|4" />
        <i3dMapping id="cabinSuspension" node="0>0|9" />
        <i3dMapping id="seatSuspension" node="0>0|9|0" />
        <i3dMapping id="frontloaderJoystick" node="0>0|9|0|0|0" />
        <i3dMapping id="playerRightHandTargetFrontloader" node="0>0|9|0|0|0|0" />
        <i3dMapping id="joystickDecalLight" node="0>0|9|0|0|0|3" />
        <i3dMapping id="playerSkin" node="0>0|9|0|1" />
        <i3dMapping id="seatDecalLight" node="0>0|9|0|4" />
        <i3dMapping id="steeringWheel" node="0>0|9|1|0" />
        <i3dMapping id="playerLeftHandTarget" node="0>0|9|1|0|0" />
        <i3dMapping id="playerRightHandTarget" node="0>0|9|1|0|1" />
        <i3dMapping id="playerLeftFootTarget" node="0>0|9|2|0" />
        <i3dMapping id="playerRightFootTarget" node="0>0|9|2|1" />
        <i3dMapping id="gasPedal" node="0>0|9|3|0" />
        <i3dMapping id="playerRightFootTargetGasRef" node="0>0|9|3|0|0" />
        <i3dMapping id="playerRightFootTargetGas" node="0>0|9|3|1" />
        <i3dMapping id="brakePedal" node="0>0|9|3|2" />
        <i3dMapping id="playerRightFootTargetBrake" node="0>0|9|3|2|0" />
        <!-- <i3dMapping id="topLightStatic" node="0>0|9|4|0|1" />
        <i3dMapping id="topLightStaticGlass" node="0>0|9|4|0|2" /> -->
        <i3dMapping id="frontlight02Static" node="0>0|9|4|0|3" />
        <i3dMapping id="frontlight02StaticGlass" node="0>0|9|4|0|4" />
        <i3dMapping id="turnlightRightFrontStatic" node="0>0|9|4|0|5" />
        <i3dMapping id="turnlightRightFrontStaticGlass" node="0>0|9|4|0|6" />
        <i3dMapping id="turnlightLeftFrontStatic" node="0>0|9|4|0|7" />
        <i3dMapping id="turnlightLeftFrontStaticGlass" node="0>0|9|4|0|8" />
        <!-- <i3dMapping id="worklightFrontStatic" node="0>0|9|4|0|9" />
        <i3dMapping id="worklightFrontStaticGlass" node="0>0|9|4|0|10" />
        <i3dMapping id="worklightBackStatic" node="0>0|9|4|0|11" />
        <i3dMapping id="worklightBackStaticGlass" node="0>0|9|4|0|12" /> -->
        <i3dMapping id="turnlightLeftBackStatic" node="0>0|9|4|0|13" />
        <i3dMapping id="turnlightLeftBackStaticGlass" node="0>0|9|4|0|14" />
        <i3dMapping id="turnlightRightBackStatic" node="0>0|9|4|0|15" />
        <i3dMapping id="turnlightRightBackStaticGlass" node="0>0|9|4|0|16" />
        <i3dMapping id="backlightsStatic" node="0>0|9|4|0|17" />
        <i3dMapping id="backlightsStaticGlass" node="0>0|9|4|0|18" />
        <i3dMapping id="brakelightsStatic" node="0>0|9|4|0|19" />
        <i3dMapping id="brakelightsStaticGlass" node="0>0|9|4|0|20" />
        <i3dMapping id="beaconLightLeft" node="0>0|9|8|10|0|1" />
        <i3dMapping id="beaconLightRight" node="0>0|9|8|10|1|1" />
        <i3dMapping id="mirror1Decal" node="0>0|9|5|0" />
        <i3dMapping id="mirror2Decal" node="0>0|9|5|1" />
        <i3dMapping id="mirror3Decal" node="0>0|9|5|2" />
        <i3dMapping id="wiperBack" node="0>0|9|8|16|5|0" />
        <i3dMapping id="wiperFront" node="0>0|9|6|1|0" />
        <i3dMapping id="numbersSpeed" node="0>0|9|7|0|0" />
        <i3dMapping id="numbersRpm" node="0>0|9|7|0|1" />
        <i3dMapping id="numbersTime" node="0>0|9|7|0|2" />
        <i3dMapping id="numbersOperatingTime" node="0>0|9|7|0|3" />
        <i3dMapping id="iconTurnTrailer1RightDecal" node="0>0|9|7|0|4|0" />
        <i3dMapping id="iconTurnTrailer1LeftDecal" node="0>0|9|7|0|4|1" />
        <i3dMapping id="alwaysOnDecals" node="0>0|9|7|0|4|2" />
        <i3dMapping id="lightOnDecal" node="0>0|9|7|0|4|3" />
        <i3dMapping id="startUpDecalLeft" node="0>0|9|7|0|4|4" />
        <i3dMapping id="startUpDecalRight" node="0>0|9|7|0|4|5" />
        <i3dMapping id="tempBarDecal" node="0>0|9|7|0|4|6" />
        <i3dMapping id="airDecal" node="0>0|9|7|0|4|7" />
        <i3dMapping id="exhaustDecal" node="0>0|9|7|0|4|8" />
        <i3dMapping id="defDecal" node="0>0|9|7|0|4|9" />
        <i3dMapping id="fuelDecal" node="0>0|9|7|0|4|10" />
        <i3dMapping id="indoorHudRpmNeedle" node="0>0|9|7|1" />
        <i3dMapping id="displayDecal" node="0>0|9|7|2" />
        <i3dMapping id="interiorScreenLight" node="0>0|9|7|3" />
        <i3dMapping id="cabinDecalLight" node="0>0|9|7|4" />
        <i3dMapping id="dashboard_decal" node="0>0|9|7|5" />
        <i3dMapping id="wheelFrontLeftAxisRot" node="1>0|0" />
        <i3dMapping id="wheelFrontLeftAxis" node="1>0|0|0" />
        <i3dMapping id="wheelFrontLeftRot" node="1>0|0|0|0" />
        <i3dMapping id="wheelFrontLeft" node="1>0|0|0|0|0" />
		<i3dMapping id="wheelFrontLeft1" node="1>0|0|0|0|1" />
        <i3dMapping id="wheelFrontLeftFender" node="1>0|0|0|1" />
        <i3dMapping id="steeringBarLeftRef" node="1>0|0|0|2" />
        <i3dMapping id="wheelFrontRightAxisRot" node="1>0|1" />
        <i3dMapping id="wheelFrontRightAxis" node="1>0|1|0" />
        <i3dMapping id="wheelFrontRightRot" node="1>0|1|0|0" />
        <i3dMapping id="wheelFrontRight" node="1>0|1|0|0|0" />
		<i3dMapping id="wheelFrontRight1" node="1>0|1|0|0|1" />
        <i3dMapping id="wheelFrontRightFender" node="1>0|1|0|1" />
        <i3dMapping id="wheelFrontRightFenderDecal" node="1>0|1|0|1|0" />
        <i3dMapping id="steeringBarRightRef" node="1>0|1|0|2" />
        <i3dMapping id="steeringBar" node="1>1|0" />
        <i3dMapping id="steeringBarLeft" node="1>1|0|0" />
        <i3dMapping id="steeringBarRight" node="1>1|0|1" />
        <i3dMapping id="hydraulicAxixLeftRef" node="1>1|1" />
        <i3dMapping id="hydraulicAxisRightRef" node="1>1|2" />
		<i3dMapping id="windowLeft" node="0>0|9|8|14|0" />
        <i3dMapping id="hydraulicD_ref" node="0>0|9|8|14|0|0|0|0" />
		<i3dMapping id="hydraulicDoor" node="0>0|9|8|15" />
        <i3dMapping id="punchDoor" node="0>0|9|8|15|0" />
		<i3dMapping id="windowBack" node="0>0|9|8|16" />
        <i3dMapping id="cylinderL" node="0>0|9|8|16|3|0" />
		<i3dMapping id="punchL" node="0>0|9|8|16|3|0|0" />
		<i3dMapping id="cylinderR" node="0>0|9|8|16|4|0" />
		<i3dMapping id="punchR" node="0>0|9|8|16|4|0|0" />
		<i3dMapping id="cylinderL_ref" node="0>0|9|8|17" />
		<i3dMapping id="cylinderR_ref" node="0>0|9|8|18" />
		<i3dMapping id="workingLightOval02" node="0>0|9|4|3|0" />
		<i3dMapping id="workingLightOval02_01" node="0>0|9|4|3|1" />
		<i3dMapping id="workingLightOval02_02" node="0>0|9|4|3|4" />
		<i3dMapping id="workingLightOval02_03" node="0>0|9|4|3|5" />
		<i3dMapping id="workingLightOval02_04" node="0>0|9|4|3|6" />
		<i3dMapping id="workingLightOval02_05" node="0>0|9|4|3|7" />
		<i3dMapping id="workingLightOval02_06" node="0>0|9|4|3|8" />
		<i3dMapping id="workingLightOval02_07" node="0>0|9|4|3|9" />
		<i3dMapping id="workingLightOval02_08" node="0>0|9|4|3|10" />
		<i3dMapping id="workingLightOval02_09" node="0>0|9|4|3|11" />
		<i3dMapping id="workingLightOval02_10" node="0>0|9|4|3|12" />
		<i3dMapping id="workingLightOval02_11" node="0>0|9|4|3|13" />
		<i3dMapping id="hellaWorkingLightOval_01" node="0>0|9|4|3|2" />
		<i3dMapping id="hellaWorkingLightOval_01_02" node="0>0|9|4|3|3" />
		
		<!-- simpleIC Mappings -->
		<i3dMapping id="sIC_playerTrigger" node="0>0|9|8|21" />
		<i3dMapping id="sIC_windowBackInside" node="0>0|9|8|16|8" />
		<i3dMapping id="sIC_doorLeftInside" node="0>0|9|8|14|0|0|0|7" />
		<i3dMapping id="sIC_doorLeftOutside" node="0>0|9|8|14|0|0|0|8" />
		<i3dMapping id="sIC_lowerBackOutside" node="0>0|12" />
		<i3dMapping id="sIC_upperBackOutside" node="0>0|13" />
		<i3dMapping id="sIC_activateBackOutside" node="0>0|14" />
		<i3dMapping id="sIC_toggleFrontHydraulic" node="0>0|16" />
		
		
    </i3dMappings>
</vehicle>
