<?xml version="1.0" encoding="utf-8" standalone="no" ?>
<sounds>
    <motorStart template="MEDIUM_TRACTOR_MOTOR_START" file="$data/sounds/vehicles/engine/mf_7700/mf_7700_start.wav" linkNode="0>"/>
    <motorStop template="MEDIUM_TRACTOR_MOTOR_STOP" file="$data/sounds/vehicles/engine/mf_7700/mf_7700_stop.wav" linkNode="0>"/>

    <motor template="MEDIUM_TRACTOR_MOTOR_IDLE" file="$data/sounds/vehicles/engine/mf_7700/mf_7700_idle_loop.wav" linkNode="0>"/>
    <motor template="MEDIUM_TRACTOR_MOTOR_OFFLOAD_RUN" file="$data/sounds/vehicles/engine/mf_7700/mf_7700_run_loop.wav" linkNode="0>"/>
    <motor template="MEDIUM_TRACTOR_MOTOR_ONLOAD_RUN" file="$data/sounds/vehicles/engine/mf_7700/mf_7700_load_loop.wav" linkNode="0>"/>

    <gearbox template="DEFAULT_GEARBOX" file="sounds/MF_gearbox.wav" linkNode="0>"/>
    <retarder template="DEFAULT_RETARDER" file="sounds/MF_retarder.wav" linkNode="0>"/>

    <airCompressorStart template="BRAKE_COMPRESSOR_START" linkNode="0>"/>
    <airCompressorStop template="BRAKE_COMPRESSOR_STOP" linkNode="0>"/>
    <airCompressorRun template="BRAKE_COMPRESSOR_RUN" linkNode="0>"/>
    <compressedAir template="BRAKE_SMALL" linkNode="0>"/>
    <airRelease template="BRAKE_REGULATOR_VALVE" linkNode="0>"/>
</sounds>
