<?xml version="1.0" encoding="utf-8" standalone="no" ?>
<wheel>
    <default>
        <physics radius="1.033" width="0.8" mass="0.364" tireType="mud" frictionScale="1.60" maxLongStiffness="8" maxLatStiffness="100" maxLatStiffnessLoad="2" />
        <tire filename="$data/shared/wheels/michelin/machXbib/R38_machXbib.i3d" nodeLeft="3|0" nodeRight="3|0" maxDeformation="0.11" isCareWheel="false" tireTrackAtlasIndex="0" />
        <outerRim filename="$data/shared/wheels/rims/rim001.i3d" node="1|0" widthAndDiam="25 38" />
        <innerRim filename="$data/shared/wheels/rims/rim001.i3d" nodeLeft="3|0" nodeRight="3|1" widthAndDiam="25 38" />
    </default>
	<configurations>
        <configuration id="weight2" >
            <additional filename="$data/shared/wheels/weights/weight002.i3d" nodeLeft="1|0" nodeRight="1|1" offset="-0.04" scale="1 0.85 0.85" mass="0.8" />
        </configuration>
        <configuration id="weight3" >
            <additional filename="$data/shared/wheels/weights/weight003.i3d" nodeLeft="0|0" nodeRight="0|1" offset="0.05" scale="0.8 0.8 0.8" mass="0.6" />
        </configuration>
    </configurations>
</wheel>
